time,open,high,low,close,volume
2024-01-02 00:00:00,65000.00,65057.22,64980.31,65013.28,804
2024-01-02 00:15:00,65013.28,65059.68,65008.61,65056.24,439
2024-01-02 00:30:00,65056.24,65103.41,64992.29,65037.69,599
2024-01-02 00:45:00,65037.69,65067.38,65028.24,65061.34,645
2024-01-02 01:00:00,65061.34,65100.59,65014.44,65026.07,996
2024-01-02 01:15:00,65026.07,65029.84,64954.11,64983.45,358
2024-01-02 01:30:00,64983.45,65019.71,64906.78,64946.44,334
2024-01-02 01:45:00,64946.44,65004.92,64918.05,64969.87,916
2024-01-02 02:00:00,64969.87,65021.17,64936.50,64977.10,609
2024-01-02 02:15:00,64977.10,65072.43,64963.47,65023.24,622
2024-01-02 02:30:00,65023.24,65044.06,64957.87,64985.99,679
2024-01-02 02:45:00,64985.99,65059.77,64957.92,65041.22,686
2024-01-02 03:00:00,65041.22,65046.75,64989.31,64991.25,625
2024-01-02 03:15:00,64991.25,65066.49,64961.73,65043.79,520
2024-01-02 03:30:00,65043.79,65060.92,64944.50,64983.23,788
2024-01-02 03:45:00,64983.23,65074.83,64949.70,65023.67,409
2024-01-02 04:00:00,65023.67,65031.38,64942.07,64984.20,921
2024-01-02 04:15:00,64984.20,64991.72,64954.96,64963.47,837
2024-01-02 04:30:00,64963.47,65039.47,64937.71,64996.79,217
2024-01-02 04:45:00,64996.79,65001.73,64938.62,64975.86,299
2024-01-02 05:00:00,64975.86,65019.80,64947.57,64986.17,733
2024-01-02 05:15:00,64986.17,64995.96,64903.57,64950.84,310
2024-01-02 05:30:00,64950.84,65036.75,64919.70,65015.47,945
2024-01-02 05:45:00,65015.47,65021.82,64978.82,64994.14,1056
2024-01-02 06:00:00,64994.14,65033.26,64930.96,64963.25,1038
2024-01-02 06:15:00,64963.25,65013.33,64922.38,64964.24,390
2024-01-02 06:30:00,64964.24,64986.03,64919.96,64980.39,335
2024-01-02 06:45:00,64980.39,65034.62,64943.42,64985.16,595
2024-01-02 07:00:00,64985.16,65089.21,64947.35,65039.59,709
2024-01-02 07:15:00,65039.59,65042.93,64951.99,65007.96,695
2024-01-02 07:30:00,65007.96,65083.32,64951.10,65029.87,243
2024-01-02 07:45:00,65029.87,65059.29,65016.94,65025.59,425
2024-01-02 08:00:00,65025.59,65110.18,65002.55,65059.34,655
2024-01-02 08:15:00,65059.34,65101.61,65018.16,65022.08,655
2024-01-02 08:30:00,65022.08,65070.62,64994.52,65066.54,838
2024-01-02 08:45:00,65066.54,65132.88,65066.03,65101.36,876
2024-01-02 09:00:00,65101.36,65186.89,65082.56,65158.81,583
2024-01-02 09:15:00,65158.81,65223.37,65121.58,65177.00,1047
2024-01-02 09:30:00,65177.00,65266.29,65137.17,65228.09,545
2024-01-02 09:45:00,65228.09,65300.62,65180.71,65251.35,321
2024-01-02 10:00:00,65251.35,65300.13,65196.24,65279.56,814
2024-01-02 10:15:00,65279.56,65368.62,65233.80,65350.98,1107
2024-01-02 10:30:00,65350.98,65362.27,65237.74,65282.91,674
2024-01-02 10:45:00,65282.91,65360.65,65256.62,65317.26,938
2024-01-02 11:00:00,65317.26,65366.16,65220.30,65264.88,686
2024-01-02 11:15:00,65264.88,65312.12,65218.58,65286.42,457
2024-01-02 11:30:00,65286.42,65347.53,65249.36,65318.04,749
2024-01-02 11:45:00,65318.04,65348.57,65223.91,65258.99,883
2024-01-02 12:00:00,65258.99,65317.55,65178.21,65192.96,1099
2024-01-02 12:15:00,65192.96,65220.97,65181.38,65199.33,852
2024-01-02 12:30:00,65199.33,65240.69,65128.82,65191.27,531
2024-01-02 12:45:00,65191.27,65244.37,65127.10,65189.22,278
2024-01-02 13:00:00,65189.22,65269.10,65129.90,65265.67,505
2024-01-02 13:15:00,65265.67,65346.79,65253.87,65302.00,255
2024-01-02 13:30:00,65302.00,65319.76,65249.07,65268.35,982
2024-01-02 13:45:00,65268.35,65352.39,65240.59,65327.00,403
2024-01-02 14:00:00,65327.00,65371.19,65282.02,65305.24,983
2024-01-02 14:15:00,65305.24,65333.12,65264.13,65296.17,536
2024-01-02 14:30:00,65296.17,65315.28,65245.29,65253.39,520
2024-01-02 14:45:00,65253.39,65274.70,65214.09,65250.50,562
2024-01-02 15:00:00,65250.50,65283.71,65125.32,65184.93,1089
2024-01-02 15:15:00,65184.93,65242.89,65121.85,65161.43,657
2024-01-02 15:30:00,65161.43,65205.98,65120.05,65176.32,287
2024-01-02 15:45:00,65176.32,65219.71,65160.23,65172.74,867
2024-01-02 16:00:00,65172.74,65239.21,65150.67,65208.30,989
2024-01-02 16:15:00,65208.30,65352.70,65192.90,65290.59,415
2024-01-02 16:30:00,65290.59,65301.97,65264.69,65295.41,208
2024-01-02 16:45:00,65295.41,65305.73,65242.38,65267.73,413
2024-01-02 17:00:00,65267.73,65307.49,65232.72,65245.03,487
2024-01-02 17:15:00,65245.03,65301.02,65200.88,65256.02,451
2024-01-02 17:30:00,65256.02,65321.34,65197.70,65221.16,1051
2024-01-02 17:45:00,65221.16,65315.72,65176.69,65293.72,988
2024-01-02 18:00:00,65293.72,65362.27,65185.14,65232.23,1077
2024-01-02 18:15:00,65232.23,65352.78,65176.45,65307.99,985
2024-01-02 18:30:00,65307.99,65350.36,65291.85,65298.28,997
2024-01-02 18:45:00,65298.28,65400.18,65255.17,65330.36,739
2024-01-02 19:00:00,65330.36,65419.50,65304.18,65399.21,987
2024-01-02 19:15:00,65399.21,65468.13,65337.13,65395.70,363
2024-01-02 19:30:00,65395.70,65412.94,65358.06,65381.51,918
2024-01-02 19:45:00,65381.51,65398.61,65326.29,65326.60,581
2024-01-02 20:00:00,65326.60,65382.62,65292.68,65373.65,828
2024-01-02 20:15:00,65373.65,65411.89,65311.94,65345.95,182
2024-01-02 20:30:00,65345.95,65419.38,65275.72,65410.69,346
2024-01-02 20:45:00,65410.69,65503.39,65365.03,65484.57,298
2024-01-02 21:00:00,65484.57,65547.72,65471.05,65528.06,428
2024-01-02 21:15:00,65528.06,65639.14,65463.60,65582.53,238
2024-01-02 21:30:00,65582.53,65658.54,65548.98,65633.55,727
2024-01-02 21:45:00,65633.55,65747.39,65592.93,65711.75,451
2024-01-02 22:00:00,65711.75,65810.43,65709.42,65754.29,241
2024-01-02 22:15:00,65754.29,65766.71,65669.68,65695.87,808
2024-01-02 22:30:00,65695.87,65768.03,65627.58,65761.30,1073
2024-01-02 22:45:00,65761.30,65870.87,65697.53,65797.92,569
2024-01-02 23:00:00,65797.92,65865.33,65710.51,65758.12,951
2024-01-02 23:15:00,65758.12,65771.78,65704.03,65706.45,813
2024-01-02 23:30:00,65706.45,65818.58,65704.74,65782.01,1095
2024-01-02 23:45:00,65782.01,65901.14,65773.48,65886.81,380
2024-01-03 00:00:00,65886.81,65942.22,65834.95,65837.35,1009
2024-01-03 00:15:00,65837.35,65930.06,65832.35,65919.30,809
2024-01-03 00:30:00,65919.30,65955.23,65874.63,65938.44,454
2024-01-03 00:45:00,65938.44,65997.45,65842.18,65911.85,1034
2024-01-03 01:00:00,65911.85,65947.72,65798.29,65870.17,363
2024-01-03 01:15:00,65870.17,65922.11,65837.56,65859.61,378
2024-01-03 01:30:00,65859.61,65913.64,65788.11,65893.18,302
2024-01-03 01:45:00,65893.18,65909.27,65821.60,65900.01,572
2024-01-03 02:00:00,65900.01,65944.74,65878.52,65937.06,664
2024-01-03 02:15:00,65937.06,66011.33,65850.78,65859.01,1129
2024-01-03 02:30:00,65859.01,65947.74,65784.88,65930.71,688
2024-01-03 02:45:00,65930.71,66034.15,65917.63,66008.78,640
2024-01-03 03:00:00,66008.78,66076.53,65963.54,66009.07,794
2024-01-03 03:15:00,66009.07,66099.79,65996.73,66082.73,614
2024-01-03 03:30:00,66082.73,66179.68,66080.84,66175.22,461
2024-01-03 03:45:00,66175.22,66275.08,66117.83,66228.49,266
2024-01-03 04:00:00,66228.49,66290.25,66225.41,66265.98,909
2024-01-03 04:15:00,66265.98,66266.58,66225.82,66238.49,954
2024-01-03 04:30:00,66238.49,66297.29,66133.76,66174.87,398
2024-01-03 04:45:00,66174.87,66202.27,66107.11,66159.24,737
2024-01-03 05:00:00,66159.24,66231.23,66120.11,66220.05,961
2024-01-03 05:15:00,66220.05,66229.33,66153.23,66203.40,285
2024-01-03 05:30:00,66203.40,66357.55,66182.84,66291.63,339
2024-01-03 05:45:00,66291.63,66314.10,66219.59,66249.66,300
2024-01-03 06:00:00,66249.66,66318.47,66177.30,66282.99,392
2024-01-03 06:15:00,66282.99,66356.70,66228.30,66334.57,610
2024-01-03 06:30:00,66334.57,66348.50,66247.41,66266.37,912
2024-01-03 06:45:00,66266.37,66308.73,66126.38,66192.99,1073
2024-01-03 07:00:00,66192.99,66373.77,66145.30,66301.41,526
2024-01-03 07:15:00,66301.41,66421.00,66266.45,66376.51,1024
2024-01-03 07:30:00,66376.51,66538.28,66330.21,66463.10,566
2024-01-03 07:45:00,66463.10,66606.77,66449.40,66554.41,1083
2024-01-03 08:00:00,66554.41,66712.39,66551.82,66656.97,633
2024-01-03 08:15:00,66656.97,66802.30,66643.44,66759.45,656
2024-01-03 08:30:00,66759.45,66887.84,66690.80,66836.74,506
2024-01-03 08:45:00,66836.74,66913.17,66814.07,66877.38,446
2024-01-03 09:00:00,66877.38,66903.70,66843.22,66878.65,946
2024-01-03 09:15:00,66878.65,66905.46,66806.00,66898.27,417
2024-01-03 09:30:00,66898.27,66948.33,66820.32,66840.12,242
2024-01-03 09:45:00,66840.12,66973.80,66775.97,66900.30,818
2024-01-03 10:00:00,66900.30,66933.34,66796.75,66867.41,981
2024-01-03 10:15:00,66867.41,66938.89,66748.23,66805.34,853
2024-01-03 10:30:00,66805.34,66869.72,66789.59,66848.37,442
2024-01-03 10:45:00,66848.37,66898.87,66722.54,66771.13,959
2024-01-03 11:00:00,66771.13,66863.42,66745.92,66810.75,360
2024-01-03 11:15:00,66810.75,66819.06,66721.26,66750.65,796
2024-01-03 11:30:00,66750.65,66797.81,66707.38,66755.15,133
2024-01-03 11:45:00,66755.15,66787.84,66683.95,66752.15,908
2024-01-03 12:00:00,66752.15,66758.68,66678.51,66712.40,635
2024-01-03 12:15:00,66712.40,66776.98,66708.58,66727.97,343
2024-01-03 12:30:00,66727.97,66729.63,66621.76,66644.80,569
2024-01-03 12:45:00,66644.80,66714.21,66605.36,66645.59,506
2024-01-03 13:00:00,66645.59,66803.70,66573.53,66732.96,442
2024-01-03 13:15:00,66732.96,66797.00,66670.36,66785.74,772
2024-01-03 13:30:00,66785.74,66849.56,66744.67,66847.85,250
2024-01-03 13:45:00,66847.85,66934.84,66839.02,66928.41,945
2024-01-03 14:00:00,66928.41,66994.44,66896.20,66968.20,484
2024-01-03 14:15:00,66968.20,67035.10,66894.11,66967.64,425
2024-01-03 14:30:00,66967.64,66971.60,66920.03,66921.41,1050
2024-01-03 14:45:00,66921.41,67093.37,66883.37,67016.34,567
2024-01-03 15:00:00,67016.34,67093.76,67009.85,67009.91,604
2024-01-03 15:15:00,67009.91,67163.31,66934.80,67106.01,1125
2024-01-03 15:30:00,67106.01,67215.56,67087.76,67193.42,444
2024-01-03 15:45:00,67193.42,67370.41,67161.92,67298.99,590
2024-01-03 16:00:00,67298.99,67342.44,67246.30,67312.40,770
2024-01-03 16:15:00,67312.40,67390.73,67304.96,67386.29,559
2024-01-03 16:30:00,67386.29,67443.61,67318.22,67321.89,956
2024-01-03 16:45:00,67321.89,67339.45,67233.25,67274.01,698
2024-01-03 17:00:00,67274.01,67323.48,67264.67,67299.87,668
2024-01-03 17:15:00,67299.87,67383.26,67272.40,67311.53,343
2024-01-03 17:30:00,67311.53,67361.19,67274.24,67301.85,511
2024-01-03 17:45:00,67301.85,67398.71,67290.85,67393.77,851
2024-01-03 18:00:00,67393.77,67486.10,67343.06,67448.31,665
2024-01-03 18:15:00,67448.31,67539.54,67384.38,67493.69,241
2024-01-03 18:30:00,67493.69,67604.83,67442.80,67565.89,1062
2024-01-03 18:45:00,67565.89,67648.53,67523.23,67625.57,922
2024-01-03 19:00:00,67625.57,67660.20,67474.68,67545.62,676
2024-01-03 19:15:00,67545.62,67600.17,67517.39,67572.94,782
2024-01-03 19:30:00,67572.94,67632.50,67517.44,67622.62,611
2024-01-03 19:45:00,67622.62,67738.54,67612.43,67713.90,859
2024-01-03 20:00:00,67713.90,67820.49,67638.34,67779.29,362
2024-01-03 20:15:00,67779.29,67887.98,67752.78,67883.17,419
2024-01-03 20:30:00,67883.17,67901.51,67836.17,67883.71,891
2024-01-03 20:45:00,67883.71,67922.13,67864.37,67921.63,270
2024-01-03 21:00:00,67921.63,68024.39,67862.94,68013.70,1058
2024-01-03 21:15:00,68013.70,68030.83,67978.80,67997.67,282
2024-01-03 21:30:00,67997.67,68102.40,67953.90,68048.23,810
2024-01-03 21:45:00,68048.23,68140.33,67986.54,68132.49,564
2024-01-03 22:00:00,68132.49,68162.59,68045.44,68052.97,676
2024-01-03 22:15:00,68052.97,68209.39,68003.17,68147.68,855
2024-01-03 22:30:00,68147.68,68225.29,68082.18,68151.96,898
2024-01-03 22:45:00,68151.96,68212.30,68051.92,68123.24,188
2024-01-03 23:00:00,68123.24,68186.53,68080.25,68093.65,355
2024-01-03 23:15:00,68093.65,68099.14,68004.67,68076.34,666
2024-01-03 23:30:00,68076.34,68158.11,68070.27,68137.31,412
2024-01-03 23:45:00,68137.31,68185.30,68115.21,68147.88,486
2024-01-04 00:00:00,68147.88,68219.07,67995.94,68065.89,923
2024-01-04 00:15:00,68065.89,68103.44,68044.38,68053.17,409
2024-01-04 00:30:00,68053.17,68120.09,68021.42,68066.86,398
2024-01-04 00:45:00,68066.86,68099.64,68047.46,68085.51,429
2024-01-04 01:00:00,68085.51,68103.56,67977.00,68010.73,1068
2024-01-04 01:15:00,68010.73,68043.06,67984.73,67992.91,1020
2024-01-04 01:30:00,67992.91,68047.54,67986.03,67994.67,581
2024-01-04 01:45:00,67994.67,68051.57,67951.16,68030.07,196
2024-01-04 02:00:00,68030.07,68081.62,67915.68,67956.67,622
2024-01-04 02:15:00,67956.67,68049.73,67889.64,67992.68,440
2024-01-04 02:30:00,67992.68,68017.92,67888.36,67956.44,936
2024-01-04 02:45:00,67956.44,67983.76,67882.47,67897.12,1008
2024-01-04 03:00:00,67897.12,67909.40,67791.50,67849.15,635
2024-01-04 03:15:00,67849.15,67887.26,67774.43,67839.91,769
2024-01-04 03:30:00,67839.91,67876.71,67744.83,67770.87,945
2024-01-04 03:45:00,67770.87,67823.73,67703.38,67784.65,965
2024-01-04 04:00:00,67784.65,67843.21,67752.78,67804.42,702
2024-01-04 04:15:00,67804.42,67891.82,67751.28,67888.38,794
2024-01-04 04:30:00,67888.38,67996.23,67867.04,67939.01,766
2024-01-04 04:45:00,67939.01,68005.67,67907.15,67934.05,194
2024-01-04 05:00:00,67934.05,68071.29,67920.57,68010.11,744
2024-01-04 05:15:00,68010.11,68153.10,67957.16,68090.79,1079
2024-01-04 05:30:00,68090.79,68157.04,68040.71,68156.43,627
2024-01-04 05:45:00,68156.43,68208.58,68094.76,68181.72,212
2024-01-04 06:00:00,68181.72,68245.67,68072.57,68108.82,568
2024-01-04 06:15:00,68108.82,68184.14,68041.24,68181.81,511
2024-01-04 06:30:00,68181.81,68237.15,68171.13,68210.73,1011
2024-01-04 06:45:00,68210.73,68261.75,68158.28,68258.26,1082
2024-01-04 07:00:00,68258.26,68363.56,68223.99,68319.48,1005
2024-01-04 07:15:00,68319.48,68371.38,68285.18,68367.60,668
2024-01-04 07:30:00,68367.60,68404.78,68306.72,68310.27,721
2024-01-04 07:45:00,68310.27,68368.69,68260.19,68348.23,352
2024-01-04 08:00:00,68348.23,68383.47,68298.99,68307.19,507
2024-01-04 08:15:00,68307.19,68325.17,68259.80,68297.58,986
2024-01-04 08:30:00,68297.58,68394.02,68258.16,68342.69,566
2024-01-04 08:45:00,68342.69,68381.04,68221.16,68282.93,584
2024-01-04 09:00:00,68282.93,68368.93,68274.69,68326.31,891
2024-01-04 09:15:00,68326.31,68385.40,68324.44,68330.40,450
2024-01-04 09:30:00,68330.40,68357.52,68301.69,68308.12,830
2024-01-04 09:45:00,68308.12,68402.05,68266.09,68348.70,798
2024-01-04 10:00:00,68348.70,68366.21,68251.75,68276.47,487
2024-01-04 10:15:00,68276.47,68297.92,68167.95,68210.34,685
2024-01-04 10:30:00,68210.34,68287.59,68195.80,68286.57,805
2024-01-04 10:45:00,68286.57,68339.52,68250.61,68303.75,878
2024-01-04 11:00:00,68303.75,68364.92,68255.31,68272.92,287
2024-01-04 11:15:00,68272.92,68318.18,68253.51,68311.01,738
2024-01-04 11:30:00,68311.01,68375.06,68296.89,68348.49,827
2024-01-04 11:45:00,68348.49,68384.17,68332.16,68357.71,482
2024-01-04 12:00:00,68357.71,68477.95,68345.85,68439.98,826
2024-01-04 12:15:00,68439.98,68469.95,68366.95,68388.64,779
2024-01-04 12:30:00,68388.64,68409.81,68344.02,68397.20,834
2024-01-04 12:45:00,68397.20,68456.87,68364.62,68454.60,1101
2024-01-04 13:00:00,68454.60,68512.02,68411.88,68418.57,652
2024-01-04 13:15:00,68418.57,68478.30,68387.32,68457.10,792
2024-01-04 13:30:00,68457.10,68487.62,68388.76,68430.24,953
2024-01-04 13:45:00,68430.24,68476.71,68393.15,68428.77,253
2024-01-04 14:00:00,68428.77,68467.25,68367.49,68413.20,338
2024-01-04 14:15:00,68413.20,68440.82,68329.08,68353.31,558
2024-01-04 14:30:00,68353.31,68383.87,68233.99,68291.74,1063
2024-01-04 14:45:00,68291.74,68309.24,68283.78,68299.72,153
2024-01-04 15:00:00,68299.72,68384.68,68282.42,68332.98,980
2024-01-04 15:15:00,68332.98,68355.21,68276.99,68353.83,238
2024-01-04 15:30:00,68353.83,68385.59,68298.04,68382.54,990
2024-01-04 15:45:00,68382.54,68439.20,68330.15,68418.05,310
2024-01-04 16:00:00,68418.05,68486.55,68417.75,68471.92,1028
2024-01-04 16:15:00,68471.92,68480.27,68413.56,68419.24,472
2024-01-04 16:30:00,68419.24,68502.04,68401.35,68460.40,926
2024-01-04 16:45:00,68460.40,68484.96,68382.64,68423.97,837
2024-01-04 17:00:00,68423.97,68490.75,68407.65,68468.56,651
2024-01-04 17:15:00,68468.56,68533.07,68436.33,68532.48,546
2024-01-04 17:30:00,68532.48,68565.47,68515.49,68551.06,932
2024-01-04 17:45:00,68551.06,68605.91,68537.02,68555.99,781
2024-01-04 18:00:00,68555.99,68600.59,68535.65,68583.49,899
2024-01-04 18:15:00,68583.49,68605.69,68533.56,68536.51,710
2024-01-04 18:30:00,68536.51,68550.99,68490.23,68503.69,240
2024-01-04 18:45:00,68503.69,68558.68,68468.73,68507.04,341
2024-01-04 19:00:00,68507.04,68557.27,68494.51,68535.25,213
2024-01-04 19:15:00,68535.25,68560.94,68518.93,68543.79,822
2024-01-04 19:30:00,68543.79,68595.58,68500.79,68558.08,677
2024-01-04 19:45:00,68558.08,68632.83,68522.21,68601.72,369
2024-01-04 20:00:00,68601.72,68636.29,68594.08,68602.05,906
2024-01-04 20:15:00,68602.05,68641.72,68556.43,68607.61,800
2024-01-04 20:30:00,68607.61,68609.62,68591.40,68605.50,133
2024-01-04 20:45:00,68605.50,68608.77,68519.64,68567.72,674
2024-01-04 21:00:00,68567.72,68638.52,68556.26,68631.15,339
2024-01-04 21:15:00,68631.15,68660.95,68594.28,68636.70,865
2024-01-04 21:30:00,68636.70,68637.37,68584.73,68622.85,453
2024-01-04 21:45:00,68622.85,68697.86,68590.37,68658.41,379
2024-01-04 22:00:00,68658.41,68687.75,68577.73,68625.13,230
2024-01-04 22:15:00,68625.13,68665.97,68570.73,68613.14,978
2024-01-04 22:30:00,68613.14,68643.23,68575.40,68607.45,787
2024-01-04 22:45:00,68607.45,68683.27,68568.27,68668.37,763
2024-01-04 23:00:00,68668.37,68706.37,68666.36,68669.13,411
2024-01-04 23:15:00,68669.13,68687.62,68607.00,68631.03,415
2024-01-04 23:30:00,68631.03,68667.94,68607.79,68608.96,651
2024-01-04 23:45:00,68608.96,68662.99,68563.26,68662.57,781
2024-01-05 00:00:00,68662.57,68668.56,68585.95,68617.39,439
2024-01-05 00:15:00,68617.39,68640.01,68553.53,68594.32,915
2024-01-05 00:30:00,68594.32,68638.75,68540.17,68542.83,436
2024-01-05 00:45:00,68542.83,68585.49,68519.83,68567.03,583
2024-01-05 01:00:00,68567.03,68632.32,68520.82,68598.07,750
2024-01-05 01:15:00,68598.07,68671.93,68585.53,68655.52,800
2024-01-05 01:30:00,68655.52,68719.17,68651.72,68688.58,874
2024-01-05 01:45:00,68688.58,68750.10,68680.74,68740.20,812
2024-01-05 02:00:00,68740.20,68786.12,68665.30,68711.40,719
2024-01-05 02:15:00,68711.40,68744.61,68700.48,68704.71,635
2024-01-05 02:30:00,68704.71,68737.57,68653.10,68664.60,681
2024-01-05 02:45:00,68664.60,68674.19,68594.29,68633.05,781
2024-01-05 03:00:00,68633.05,68741.16,68601.30,68690.46,306
2024-01-05 03:15:00,68690.46,68696.87,68601.15,68650.14,371
2024-01-05 03:30:00,68650.14,68746.89,68648.11,68714.38,827
2024-01-05 03:45:00,68714.38,68764.83,68661.97,68686.32,869
2024-01-05 04:00:00,68686.32,68707.65,68622.07,68659.24,701
2024-01-05 04:15:00,68659.24,68706.23,68655.00,68688.72,616
2024-01-05 04:30:00,68688.72,68798.84,68637.22,68751.85,864
2024-01-05 04:45:00,68751.85,68795.01,68701.64,68738.49,891
2024-01-05 05:00:00,68738.49,68769.82,68719.55,68747.39,856
2024-01-05 05:15:00,68747.39,68832.93,68734.51,68797.12,391
2024-01-05 05:30:00,68797.12,68868.54,68752.83,68821.46,484
2024-01-05 05:45:00,68821.46,68860.26,68786.06,68859.72,1008
2024-01-05 06:00:00,68859.72,68970.17,68813.71,68914.52,290
2024-01-05 06:15:00,68914.52,68953.90,68836.38,68888.48,1019
2024-01-05 06:30:00,68888.48,68924.94,68850.27,68911.98,332
2024-01-05 06:45:00,68911.98,68983.10,68870.13,68980.88,295
2024-01-05 07:00:00,68980.88,68985.74,68885.67,68927.53,965
2024-01-05 07:15:00,68927.53,68941.74,68911.22,68917.04,594
2024-01-05 07:30:00,68917.04,68928.73,68907.24,68919.44,277
2024-01-05 07:45:00,68919.44,68942.65,68838.34,68858.29,547
2024-01-05 08:00:00,68858.29,68938.99,68841.17,68884.45,658
2024-01-05 08:15:00,68884.45,68969.55,68868.29,68966.61,830
2024-01-05 08:30:00,68966.61,68981.77,68934.85,68944.15,1046
2024-01-05 08:45:00,68944.15,69000.98,68871.98,68895.91,718
2024-01-05 09:00:00,68895.91,68968.49,68854.85,68958.40,517
2024-01-05 09:15:00,68958.40,69049.24,68938.98,69021.51,894
2024-01-05 09:30:00,69021.51,69061.87,68964.75,69018.95,873
2024-01-05 09:45:00,69018.95,69021.16,68976.59,68976.82,768
2024-01-05 10:00:00,68976.82,69001.22,68930.66,68940.17,235
2024-01-05 10:15:00,68940.17,68984.47,68902.36,68910.51,947
2024-01-05 10:30:00,68910.51,68953.68,68825.52,68887.01,470
2024-01-05 10:45:00,68887.01,69023.65,68832.45,68975.72,725
2024-01-05 11:00:00,68975.72,69001.80,68891.74,68952.75,619
2024-01-05 11:15:00,68952.75,69007.27,68894.10,68904.55,365
2024-01-05 11:30:00,68904.55,68995.78,68868.91,68948.74,530
2024-01-05 11:45:00,68948.74,69009.87,68923.77,68949.91,805
2024-01-05 12:00:00,68949.91,69009.66,68884.18,68900.05,990
2024-01-05 12:15:00,68900.05,68997.99,68897.01,68933.79,785
2024-01-05 12:30:00,68933.79,68989.62,68914.74,68971.95,684
2024-01-05 12:45:00,68971.95,69033.91,68968.42,68973.09,512
2024-01-05 13:00:00,68973.09,69008.54,68882.31,68946.37,697
2024-01-05 13:15:00,68946.37,68963.80,68867.61,68922.79,1037
2024-01-05 13:30:00,68922.79,68989.31,68901.52,68982.11,313
2024-01-05 13:45:00,68982.11,69043.56,68867.39,68911.40,1045
2024-01-05 14:00:00,68911.40,68955.62,68876.15,68882.91,488
2024-01-05 14:15:00,68882.91,69000.72,68862.71,68936.44,916
2024-01-05 14:30:00,68936.44,69015.42,68909.55,68991.43,338
2024-01-05 14:45:00,68991.43,69041.47,68968.53,69023.92,331
2024-01-05 15:00:00,69023.92,69070.38,68950.18,69010.99,861
2024-01-05 15:15:00,69010.99,69063.49,68931.77,68973.85,247
2024-01-05 15:30:00,68973.85,69042.73,68951.03,68979.32,365
2024-01-05 15:45:00,68979.32,69052.97,68946.22,69027.35,641
2024-01-05 16:00:00,69027.35,69063.19,69003.14,69041.31,1015
2024-01-05 16:15:00,69041.31,69113.83,69036.12,69046.91,728
2024-01-05 16:30:00,69046.91,69110.50,68943.18,68999.24,215
2024-01-05 16:45:00,68999.24,69041.45,68954.58,68966.10,254
2024-01-05 17:00:00,68966.10,69122.51,68949.81,69056.00,1034
2024-01-05 17:15:00,69056.00,69186.65,69047.59,69152.22,433
2024-01-05 17:30:00,69152.22,69246.13,69103.92,69211.81,803
2024-01-05 17:45:00,69211.81,69246.25,69169.99,69223.44,519
2024-01-05 18:00:00,69223.44,69282.23,69219.96,69262.76,310
2024-01-05 18:15:00,69262.76,69387.45,69201.97,69356.39,790
2024-01-05 18:30:00,69356.39,69380.81,69274.12,69297.94,724
2024-01-05 18:45:00,69297.94,69322.17,69233.54,69316.50,497
2024-01-05 19:00:00,69316.50,69348.91,69209.96,69242.52,312
2024-01-05 19:15:00,69242.52,69296.99,69199.92,69258.57,141
2024-01-05 19:30:00,69258.57,69352.14,69189.67,69332.42,563
2024-01-05 19:45:00,69332.42,69352.07,69260.66,69348.86,1018
2024-01-05 20:00:00,69348.86,69372.42,69220.79,69282.66,482
2024-01-05 20:15:00,69282.66,69381.94,69265.09,69341.76,440
2024-01-05 20:30:00,69341.76,69391.91,69270.75,69296.36,531
2024-01-05 20:45:00,69296.36,69425.53,69275.38,69395.71,813
2024-01-05 21:00:00,69395.71,69400.80,69304.12,69358.39,217
2024-01-05 21:15:00,69358.39,69416.29,69275.53,69338.36,201
2024-01-05 21:30:00,69338.36,69388.99,69271.18,69280.61,379
2024-01-05 21:45:00,69280.61,69286.66,69212.22,69249.08,489
2024-01-05 22:00:00,69249.08,69304.54,69177.89,69249.55,619
2024-01-05 22:15:00,69249.55,69368.84,69235.42,69350.64,652
2024-01-05 22:30:00,69350.64,69404.54,69279.77,69402.66,680
2024-01-05 22:45:00,69402.66,69422.45,69366.81,69370.52,673
2024-01-05 23:00:00,69370.52,69384.79,69347.51,69384.52,1015
2024-01-05 23:15:00,69384.52,69457.70,69280.02,69333.62,800
2024-01-05 23:30:00,69333.62,69361.42,69292.70,69354.44,307
2024-01-05 23:45:00,69354.44,69431.73,69312.74,69423.25,347
2024-01-06 00:00:00,69423.25,69426.74,69333.00,69380.16,209
2024-01-06 00:15:00,69380.16,69429.41,69318.06,69322.90,528
2024-01-06 00:30:00,69322.90,69419.52,69315.47,69404.83,1131
2024-01-06 00:45:00,69404.83,69465.25,69363.16,69406.79,537
2024-01-06 01:00:00,69406.79,69433.62,69272.50,69336.54,572
2024-01-06 01:15:00,69336.54,69443.59,69277.06,69439.58,626
2024-01-06 01:30:00,69439.58,69486.97,69376.66,69431.99,263
2024-01-06 01:45:00,69431.99,69517.44,69361.55,69482.94,638
2024-01-06 02:00:00,69482.94,69646.92,69463.13,69578.84,610
2024-01-06 02:15:00,69578.84,69620.75,69570.36,69614.12,918
2024-01-06 02:30:00,69614.12,69769.94,69560.60,69723.73,829
2024-01-06 02:45:00,69723.73,69781.38,69633.17,69691.99,895
2024-01-06 03:00:00,69691.99,69716.39,69635.90,69660.39,1058
2024-01-06 03:15:00,69660.39,69687.03,69632.53,69674.22,967
2024-01-06 03:30:00,69674.22,69726.64,69638.27,69689.77,668
2024-01-06 03:45:00,69689.77,69746.00,69631.10,69700.23,397
2024-01-06 04:00:00,69700.23,69806.43,69671.15,69733.31,986
2024-01-06 04:15:00,69733.31,69736.63,69644.68,69697.20,716
2024-01-06 04:30:00,69697.20,69803.87,69643.10,69759.24,234
2024-01-06 04:45:00,69759.24,69773.67,69684.21,69730.81,696
2024-01-06 05:00:00,69730.81,69836.23,69654.09,69792.42,323
2024-01-06 05:15:00,69792.42,69822.21,69755.45,69756.75,957
2024-01-06 05:30:00,69756.75,69870.95,69739.39,69847.52,752
2024-01-06 05:45:00,69847.52,69932.52,69810.33,69873.38,654
2024-01-06 06:00:00,69873.38,70036.25,69839.20,69962.99,294
2024-01-06 06:15:00,69962.99,69988.69,69905.33,69946.86,776
2024-01-06 06:30:00,69946.86,69969.42,69840.16,69882.65,1030
2024-01-06 06:45:00,69882.65,69951.16,69867.65,69927.40,204
2024-01-06 07:00:00,69927.40,69946.08,69899.41,69931.91,114
2024-01-06 07:15:00,69931.91,69965.29,69925.62,69938.51,287
2024-01-06 07:30:00,69938.51,70039.70,69910.60,70006.03,970
2024-01-06 07:45:00,70006.03,70053.12,69929.20,69939.70,982
2024-01-06 08:00:00,69939.70,69958.87,69828.66,69873.14,431
2024-01-06 08:15:00,69873.14,70027.91,69848.97,69973.98,1047
2024-01-06 08:30:00,69973.98,70009.81,69905.42,69954.81,373
2024-01-06 08:45:00,69954.81,69976.97,69882.31,69965.77,868
2024-01-06 09:00:00,69965.77,70060.26,69925.70,70001.40,971
2024-01-06 09:15:00,70001.40,70053.61,69964.21,70026.76,297
2024-01-06 09:30:00,70026.76,70210.44,70021.29,70138.87,687
2024-01-06 09:45:00,70138.87,70206.29,70017.06,70090.21,1018
2024-01-06 10:00:00,70090.21,70210.51,70045.62,70180.74,688
2024-01-06 10:15:00,70180.74,70207.95,70082.42,70156.81,328
2024-01-06 10:30:00,70156.81,70205.83,70083.56,70171.08,935
2024-01-06 10:45:00,70171.08,70225.80,70091.92,70156.19,436
2024-01-06 11:00:00,70156.19,70312.76,70125.86,70250.28,1133
2024-01-06 11:15:00,70250.28,70359.22,70213.49,70336.16,1005
2024-01-06 11:30:00,70336.16,70384.85,70281.57,70351.21,230
2024-01-06 11:45:00,70351.21,70465.93,70308.62,70453.23,1141
2024-01-06 12:00:00,70453.23,70611.68,70435.19,70567.23,409
2024-01-06 12:15:00,70567.23,70582.22,70499.72,70507.70,955
2024-01-06 12:30:00,70507.70,70529.38,70408.06,70483.37,838
2024-01-06 12:45:00,70483.37,70647.96,70434.58,70593.98,1129
2024-01-06 13:00:00,70593.98,70635.37,70565.08,70614.95,640
2024-01-06 13:15:00,70614.95,70635.19,70492.66,70548.01,866
2024-01-06 13:30:00,70548.01,70610.61,70497.69,70579.31,361
2024-01-06 13:45:00,70579.31,70683.64,70520.20,70607.94,982
2024-01-06 14:00:00,70607.94,70658.87,70577.06,70608.27,199
2024-01-06 14:15:00,70608.27,70628.01,70463.42,70531.47,454
2024-01-06 14:30:00,70531.47,70599.51,70469.70,70538.80,538
2024-01-06 14:45:00,70538.80,70635.00,70487.48,70565.36,360
2024-01-06 15:00:00,70565.36,70682.75,70524.89,70640.96,391
2024-01-06 15:15:00,70640.96,70759.21,70624.30,70686.48,463
2024-01-06 15:30:00,70686.48,70757.53,70590.14,70641.72,1025
2024-01-06 15:45:00,70641.72,70688.76,70599.07,70641.16,738
2024-01-06 16:00:00,70641.16,70672.75,70550.43,70608.62,816
2024-01-06 16:15:00,70608.62,70651.89,70559.09,70624.08,982
2024-01-06 16:30:00,70624.08,70729.74,70594.10,70714.37,575
2024-01-06 16:45:00,70714.37,70771.72,70592.92,70641.93,935
2024-01-06 17:00:00,70641.93,70697.05,70619.90,70653.54,1001
2024-01-06 17:15:00,70653.54,70835.42,70591.39,70764.95,1202
2024-01-06 17:30:00,70764.95,70870.89,70729.10,70846.61,1051
2024-01-06 17:45:00,70846.61,70862.46,70834.19,70840.74,912
2024-01-06 18:00:00,70840.74,70939.23,70823.76,70909.25,692
2024-01-06 18:15:00,70909.25,70936.65,70809.29,70867.79,614
2024-01-06 18:30:00,70867.79,70970.90,70798.14,70932.00,831
2024-01-06 18:45:00,70932.00,70939.50,70915.67,70932.77,344
2024-01-06 19:00:00,70932.77,70992.18,70905.05,70920.70,605
2024-01-06 19:15:00,70920.70,70946.23,70833.73,70908.35,250
2024-01-06 19:30:00,70908.35,71063.94,70882.00,70994.61,509
2024-01-06 19:45:00,70994.61,71110.63,70973.01,71055.73,475
2024-01-06 20:00:00,71055.73,71122.01,70998.81,71003.82,1074
2024-01-06 20:15:00,71003.82,71014.59,70930.84,70982.56,1014
2024-01-06 20:30:00,70982.56,71023.93,70934.12,71021.19,986
2024-01-06 20:45:00,71021.19,71134.22,70962.46,71083.24,1125
2024-01-06 21:00:00,71083.24,71088.19,70979.99,71017.92,934
2024-01-06 21:15:00,71017.92,71089.13,70966.23,70972.85,644
2024-01-06 21:30:00,70972.85,71061.45,70933.21,71006.51,199
2024-01-06 21:45:00,71006.51,71159.31,70973.27,71098.37,1137
2024-01-06 22:00:00,71098.37,71108.91,71075.66,71107.38,142
2024-01-06 22:15:00,71107.38,71135.11,71073.97,71114.53,337
2024-01-06 22:30:00,71114.53,71119.06,71001.12,71042.84,656
2024-01-06 22:45:00,71042.84,71186.96,70999.38,71124.88,385
2024-01-06 23:00:00,71124.88,71251.55,71102.85,71208.97,557
2024-01-06 23:15:00,71208.97,71211.10,71163.75,71177.14,745
2024-01-06 23:30:00,71177.14,71274.53,71167.82,71219.52,629
2024-01-06 23:45:00,71219.52,71327.50,71153.96,71305.30,632
2024-01-07 00:00:00,71305.30,71397.93,71303.19,71358.76,1058
2024-01-07 00:15:00,71358.76,71425.70,71302.12,71321.64,265
2024-01-07 00:30:00,71321.64,71438.41,71256.97,71383.56,802
2024-01-07 00:45:00,71383.56,71442.48,71246.56,71312.19,333
2024-01-07 01:00:00,71312.19,71411.54,71299.42,71408.27,872
2024-01-07 01:15:00,71408.27,71558.02,71339.05,71502.99,844
2024-01-07 01:30:00,71502.99,71503.77,71442.63,71458.70,290
2024-01-07 01:45:00,71458.70,71475.21,71388.93,71397.73,416
2024-01-07 02:00:00,71397.73,71540.06,71388.63,71490.89,1061
2024-01-07 02:15:00,71490.89,71600.55,71486.09,71583.24,409
2024-01-07 02:30:00,71583.24,71632.89,71483.99,71550.44,232
2024-01-07 02:45:00,71550.44,71625.36,71532.67,71566.36,167
2024-01-07 03:00:00,71566.36,71577.48,71517.77,71547.50,765
2024-01-07 03:15:00,71547.50,71556.52,71469.64,71527.23,952
2024-01-07 03:30:00,71527.23,71585.54,71427.23,71460.86,280
2024-01-07 03:45:00,71460.86,71480.35,71365.75,71425.96,735
2024-01-07 04:00:00,71425.96,71427.21,71374.32,71397.49,174
2024-01-07 04:15:00,71397.49,71500.43,71347.89,71487.22,465
2024-01-07 04:30:00,71487.22,71626.11,71470.90,71582.30,979
2024-01-07 04:45:00,71582.30,71737.28,71529.46,71672.67,1145
2024-01-07 05:00:00,71672.67,71737.69,71599.17,71608.68,1143
2024-01-07 05:15:00,71608.68,71690.27,71592.51,71626.10,459
2024-01-07 05:30:00,71626.10,71658.00,71602.96,71618.89,829
2024-01-07 05:45:00,71618.89,71659.97,71561.69,71576.39,512
2024-01-07 06:00:00,71576.39,71589.34,71545.92,71564.73,905
2024-01-07 06:15:00,71564.73,71684.17,71537.84,71654.81,459
2024-01-07 06:30:00,71654.81,71767.13,71619.91,71719.73,328
2024-01-07 06:45:00,71719.73,71815.73,71719.07,71787.99,737
2024-01-07 07:00:00,71787.99,71828.11,71719.96,71770.68,812
2024-01-07 07:15:00,71770.68,71783.87,71709.42,71726.08,740
2024-01-07 07:30:00,71726.08,71785.24,71632.38,71665.28,787
2024-01-07 07:45:00,71665.28,71745.80,71664.54,71738.23,962
2024-01-07 08:00:00,71738.23,71790.07,71725.37,71782.08,662
2024-01-07 08:15:00,71782.08,71880.85,71758.77,71836.60,244
2024-01-07 08:30:00,71836.60,71934.13,71813.83,71917.98,487
2024-01-07 08:45:00,71917.98,71978.86,71901.35,71932.31,735
2024-01-07 09:00:00,71932.31,71991.40,71892.75,71893.55,416
2024-01-07 09:15:00,71893.55,71928.78,71860.01,71918.42,808
2024-01-07 09:30:00,71918.42,71925.83,71871.42,71913.47,393
2024-01-07 09:45:00,71913.47,72041.24,71885.52,71982.59,478
2024-01-07 10:00:00,71982.59,72055.33,71975.13,72054.39,583
2024-01-07 10:15:00,72054.39,72088.55,72001.79,72081.68,265
2024-01-07 10:30:00,72081.68,72107.66,71978.61,72037.83,376
2024-01-07 10:45:00,72037.83,72126.29,72022.44,72107.57,591
2024-01-07 11:00:00,72107.57,72171.07,72067.05,72156.27,566
2024-01-07 11:15:00,72156.27,72270.91,72129.34,72232.10,541
2024-01-07 11:30:00,72232.10,72350.73,72176.17,72315.97,1079
2024-01-07 11:45:00,72315.97,72403.76,72311.91,72395.04,805
2024-01-07 12:00:00,72395.04,72421.26,72333.93,72379.97,290
2024-01-07 12:15:00,72379.97,72507.38,72330.54,72459.40,1088
2024-01-07 12:30:00,72459.40,72466.33,72374.03,72427.36,972
2024-01-07 12:45:00,72427.36,72487.41,72423.67,72464.18,572
2024-01-07 13:00:00,72464.18,72554.49,72406.32,72504.67,571
2024-01-07 13:15:00,72504.67,72547.86,72466.46,72510.12,954
2024-01-07 13:30:00,72510.12,72597.70,72471.72,72545.43,901
2024-01-07 13:45:00,72545.43,72597.57,72485.09,72486.78,988
2024-01-07 14:00:00,72486.78,72551.66,72478.44,72526.09,704
2024-01-07 14:15:00,72526.09,72635.66,72522.78,72597.43,819
2024-01-07 14:30:00,72597.43,72637.78,72533.21,72579.52,265
2024-01-07 14:45:00,72579.52,72614.45,72553.53,72581.09,130
2024-01-07 15:00:00,72581.09,72701.50,72546.53,72654.56,1002
2024-01-07 15:15:00,72654.56,72671.90,72629.28,72631.77,532
2024-01-07 15:30:00,72631.77,72674.60,72549.49,72587.40,545
2024-01-07 15:45:00,72587.40,72695.44,72578.45,72661.19,388
2024-01-07 16:00:00,72661.19,72722.75,72626.79,72696.60,528
2024-01-07 16:15:00,72696.60,72777.84,72673.19,72746.06,379
2024-01-07 16:30:00,72746.06,72834.01,72702.31,72814.63,840
2024-01-07 16:45:00,72814.63,72904.46,72762.95,72879.00,1010
2024-01-07 17:00:00,72879.00,72896.14,72860.38,72886.59,562
2024-01-07 17:15:00,72886.59,72948.05,72859.33,72900.28,185
2024-01-07 17:30:00,72900.28,72931.11,72884.92,72901.90,208
2024-01-07 17:45:00,72901.90,72974.20,72850.95,72967.50,776
2024-01-07 18:00:00,72967.50,72978.41,72910.00,72946.62,288
2024-01-07 18:15:00,72946.62,72984.80,72926.84,72945.88,706
2024-01-07 18:30:00,72945.88,72948.59,72871.65,72917.80,625
2024-01-07 18:45:00,72917.80,72950.34,72815.16,72863.10,1162
2024-01-07 19:00:00,72863.10,72890.40,72829.85,72833.12,339
2024-01-07 19:15:00,72833.12,72926.19,72817.68,72892.13,613
2024-01-07 19:30:00,72892.13,72961.72,72885.26,72956.65,471
2024-01-07 19:45:00,72956.65,73004.53,72949.94,72965.96,581
2024-01-07 20:00:00,72965.96,72991.17,72910.92,72948.61,443
2024-01-07 20:15:00,72948.61,73034.79,72932.31,72994.72,1113
2024-01-07 20:30:00,72994.72,73004.64,72938.20,72956.37,452
2024-01-07 20:45:00,72956.37,73028.73,72953.02,72986.59,466
2024-01-07 21:00:00,72986.59,72993.60,72950.38,72954.46,317
2024-01-07 21:15:00,72954.46,72974.33,72927.35,72938.84,770
2024-01-07 21:30:00,72938.84,72977.18,72917.88,72925.11,947
2024-01-07 21:45:00,72925.11,72952.25,72908.16,72908.49,170
2024-01-07 22:00:00,72908.49,72932.59,72863.32,72921.14,478
2024-01-07 22:15:00,72921.14,72942.85,72857.51,72875.05,490
2024-01-07 22:30:00,72875.05,72909.94,72821.81,72848.28,627
2024-01-07 22:45:00,72848.28,72919.43,72810.05,72901.42,1019
2024-01-07 23:00:00,72901.42,72911.03,72822.88,72854.05,713
2024-01-07 23:15:00,72854.05,72871.32,72821.00,72852.81,605
2024-01-07 23:30:00,72852.81,72875.98,72840.18,72856.17,912
2024-01-07 23:45:00,72856.17,72876.38,72823.23,72853.41,850
2024-01-08 00:00:00,72853.41,72957.29,72831.78,72917.93,697
2024-01-08 00:15:00,72917.93,72934.91,72838.62,72886.24,426
2024-01-08 00:30:00,72886.24,72957.68,72865.02,72943.40,689
2024-01-08 00:45:00,72943.40,73028.59,72923.09,72978.17,1006
2024-01-08 01:00:00,72978.17,73025.97,72910.40,72921.14,301
2024-01-08 01:15:00,72921.14,73001.64,72907.47,72974.13,972
2024-01-08 01:30:00,72974.13,73020.97,72916.37,72917.28,906
2024-01-08 01:45:00,72917.28,72956.47,72822.71,72862.62,536
2024-01-08 02:00:00,72862.62,72923.24,72818.77,72889.57,767
2024-01-08 02:15:00,72889.57,72903.19,72818.17,72869.12,947
2024-01-08 02:30:00,72869.12,72880.57,72832.80,72840.42,616
2024-01-08 02:45:00,72840.42,72896.18,72837.21,72885.90,317
2024-01-08 03:00:00,72885.90,72934.07,72838.84,72928.74,807
2024-01-08 03:15:00,72928.74,73027.91,72892.84,72990.12,1102
2024-01-08 03:30:00,72990.12,73083.75,72948.82,73055.40,815
2024-01-08 03:45:00,73055.40,73096.08,73038.02,73075.00,661
2024-01-08 04:00:00,73075.00,73132.30,73053.81,73107.57,418
2024-01-08 04:15:00,73107.57,73132.01,73080.64,73111.82,614
2024-01-08 04:30:00,73111.82,73172.30,73075.46,73156.15,1028
2024-01-08 04:45:00,73156.15,73257.91,73133.23,73207.99,387
2024-01-08 05:00:00,73207.99,73218.29,73190.33,73202.93,632
2024-01-08 05:15:00,73202.93,73300.30,73198.70,73255.63,802
2024-01-08 05:30:00,73255.63,73315.47,73241.67,73309.47,554
2024-01-08 05:45:00,73309.47,73356.01,73237.79,73270.55,858
2024-01-08 06:00:00,73270.55,73319.57,73223.42,73314.37,813
2024-01-08 06:15:00,73314.37,73371.36,73295.23,73337.69,826
2024-01-08 06:30:00,73337.69,73352.15,73284.25,73333.62,1001
2024-01-08 06:45:00,73333.62,73390.42,73288.96,73368.59,340
2024-01-08 07:00:00,73368.59,73408.92,73326.91,73401.79,733
2024-01-08 07:15:00,73401.79,73427.51,73367.84,73423.81,938
2024-01-08 07:30:00,73423.81,73483.24,73329.79,73373.13,1113
2024-01-08 07:45:00,73373.13,73426.07,73309.73,73353.88,268
2024-01-08 08:00:00,73353.88,73380.95,73347.26,73379.47,392
2024-01-08 08:15:00,73379.47,73389.33,73305.41,73341.53,226
2024-01-08 08:30:00,73341.53,73376.00,73284.92,73329.54,451
2024-01-08 08:45:00,73329.54,73385.80,73303.38,73321.34,779
2024-01-08 09:00:00,73321.34,73372.53,73210.50,73263.15,874
2024-01-08 09:15:00,73263.15,73300.30,73215.45,73269.20,639
2024-01-08 09:30:00,73269.20,73300.54,73193.25,73217.66,534
2024-01-08 09:45:00,73217.66,73354.83,73177.90,73292.76,325
2024-01-08 10:00:00,73292.76,73300.02,73284.75,73297.94,786
2024-01-08 10:15:00,73297.94,73347.19,73211.25,73231.12,554
2024-01-08 10:30:00,73231.12,73285.51,73126.86,73173.39,310
2024-01-08 10:45:00,73173.39,73280.89,73153.28,73246.24,957
2024-01-08 11:00:00,73246.24,73309.34,73232.98,73250.04,256
2024-01-08 11:15:00,73250.04,73266.91,73212.64,73217.30,458
2024-01-08 11:30:00,73217.30,73226.06,73109.78,73146.13,566
2024-01-08 11:45:00,73146.13,73169.39,73098.72,73135.09,278
2024-01-08 12:00:00,73135.09,73232.21,73090.30,73188.75,558
2024-01-08 12:15:00,73188.75,73298.48,73139.08,73255.17,584
2024-01-08 12:30:00,73255.17,73315.16,73172.59,73202.45,656
2024-01-08 12:45:00,73202.45,73251.92,73170.11,73238.49,542
2024-01-08 13:00:00,73238.49,73259.59,73137.65,73157.13,559
2024-01-08 13:15:00,73157.13,73211.51,73110.80,73168.07,126
2024-01-08 13:30:00,73168.07,73190.14,73142.46,73182.01,415
2024-01-08 13:45:00,73182.01,73283.08,73164.46,73253.02,820
2024-01-08 14:00:00,73253.02,73258.11,73161.89,73168.34,347
2024-01-08 14:15:00,73168.34,73174.60,73125.19,73149.24,782
2024-01-08 14:30:00,73149.24,73174.50,73058.53,73081.20,345
2024-01-08 14:45:00,73081.20,73110.35,73033.63,73035.57,317
2024-01-08 15:00:00,73035.57,73069.37,72909.38,72971.52,561
2024-01-08 15:15:00,72971.52,73004.28,72943.30,72953.31,480
2024-01-08 15:30:00,72953.31,72997.11,72837.15,72879.95,488
2024-01-08 15:45:00,72879.95,72922.73,72862.35,72870.22,950
2024-01-08 16:00:00,72870.22,72914.31,72760.72,72820.42,440
2024-01-08 16:15:00,72820.42,72879.12,72817.78,72861.01,389
2024-01-08 16:30:00,72861.01,72948.98,72809.49,72943.35,575
2024-01-08 16:45:00,72943.35,72964.88,72884.47,72890.88,429
2024-01-08 17:00:00,72890.88,72905.66,72852.13,72876.67,779
2024-01-08 17:15:00,72876.67,72968.29,72817.74,72901.06,928
2024-01-08 17:30:00,72901.06,72961.53,72852.98,72944.02,616
2024-01-08 17:45:00,72944.02,72974.71,72846.91,72867.77,834
2024-01-08 18:00:00,72867.77,72915.49,72752.35,72791.49,570
2024-01-08 18:15:00,72791.49,72804.04,72761.22,72781.64,131
2024-01-08 18:30:00,72781.64,72817.62,72734.49,72738.53,564
2024-01-08 18:45:00,72738.53,72799.93,72628.64,72674.18,977
2024-01-08 19:00:00,72674.18,72702.56,72638.80,72698.59,512
2024-01-08 19:15:00,72698.59,72760.27,72672.10,72757.45,1020
2024-01-08 19:30:00,72757.45,72846.61,72703.10,72778.34,755
2024-01-08 19:45:00,72778.34,72829.38,72765.58,72786.11,371
2024-01-08 20:00:00,72786.11,72788.01,72712.51,72728.18,1040
2024-01-08 20:15:00,72728.18,72786.16,72669.09,72732.68,427
2024-01-08 20:30:00,72732.68,72770.79,72665.88,72666.41,458
2024-01-08 20:45:00,72666.41,72732.98,72620.55,72648.23,169
2024-01-08 21:00:00,72648.23,72713.19,72560.11,72576.48,1064
2024-01-08 21:15:00,72576.48,72594.27,72521.18,72549.73,527
2024-01-08 21:30:00,72549.73,72679.33,72514.53,72617.39,956
2024-01-08 21:45:00,72617.39,72684.33,72574.07,72645.28,180
2024-01-08 22:00:00,72645.28,72714.40,72526.86,72571.43,1104
2024-01-08 22:15:00,72571.43,72619.06,72456.93,72502.22,379
2024-01-08 22:30:00,72502.22,72550.46,72440.36,72487.84,550
2024-01-08 22:45:00,72487.84,72492.20,72357.54,72426.79,1091
2024-01-08 23:00:00,72426.79,72574.63,72421.48,72511.18,1027
2024-01-08 23:15:00,72511.18,72518.94,72393.35,72415.44,835
2024-01-08 23:30:00,72415.44,72447.54,72330.34,72383.48,750
2024-01-08 23:45:00,72383.48,72507.66,72314.29,72446.86,381
2024-01-09 00:00:00,72446.86,72590.67,72398.41,72526.43,901
2024-01-09 00:15:00,72526.43,72530.05,72409.75,72462.57,299
2024-01-09 00:30:00,72462.57,72543.32,72460.39,72492.77,600
2024-01-09 00:45:00,72492.77,72562.31,72421.84,72536.62,1003
2024-01-09 01:00:00,72536.62,72583.06,72417.30,72455.96,272
2024-01-09 01:15:00,72455.96,72541.61,72438.96,72513.80,679
2024-01-09 01:30:00,72513.80,72616.65,72438.27,72564.20,831
2024-01-09 01:45:00,72564.20,72625.20,72502.72,72559.76,324
2024-01-09 02:00:00,72559.76,72613.08,72510.24,72523.48,205
2024-01-09 02:15:00,72523.48,72587.91,72512.82,72518.69,357
2024-01-09 02:30:00,72518.69,72523.06,72437.40,72477.29,376
2024-01-09 02:45:00,72477.29,72497.51,72459.75,72474.48,161
2024-01-09 03:00:00,72474.48,72527.38,72392.99,72448.56,294
2024-01-09 03:15:00,72448.56,72488.61,72398.20,72401.48,409
2024-01-09 03:30:00,72401.48,72479.83,72371.07,72408.64,492
2024-01-09 03:45:00,72408.64,72472.06,72338.89,72411.92,511
2024-01-09 04:00:00,72411.92,72495.21,72408.86,72421.81,996
2024-01-09 04:15:00,72421.81,72488.20,72323.84,72340.54,919
2024-01-09 04:30:00,72340.54,72354.12,72286.27,72313.01,671
2024-01-09 04:45:00,72313.01,72324.34,72291.86,72303.94,302
2024-01-09 05:00:00,72303.94,72341.59,72216.90,72268.09,297
2024-01-09 05:15:00,72268.09,72323.29,72173.16,72211.15,374
2024-01-09 05:30:00,72211.15,72240.96,72122.62,72140.90,631
2024-01-09 05:45:00,72140.90,72234.66,72087.73,72231.01,389
2024-01-09 06:00:00,72231.01,72258.53,72170.08,72192.21,711
2024-01-09 06:15:00,72192.21,72215.66,72043.11,72107.01,810
2024-01-09 06:30:00,72107.01,72238.56,72091.34,72181.98,491
2024-01-09 06:45:00,72181.98,72221.48,72068.34,72132.84,531
2024-01-09 07:00:00,72132.84,72206.87,72125.81,72181.09,218
2024-01-09 07:15:00,72181.09,72223.07,72085.86,72118.56,942
2024-01-09 07:30:00,72118.56,72149.36,72018.17,72044.47,1031
2024-01-09 07:45:00,72044.47,72046.16,71885.87,71947.88,877
2024-01-09 08:00:00,71947.88,72068.99,71905.42,72003.43,280
2024-01-09 08:15:00,72003.43,72081.09,71903.32,71942.07,466
2024-01-09 08:30:00,71942.07,71978.80,71920.39,71967.75,724
2024-01-09 08:45:00,71967.75,72086.23,71938.89,72037.08,980
2024-01-09 09:00:00,72037.08,72154.99,72017.25,72124.52,750
2024-01-09 09:15:00,72124.52,72129.81,71995.75,72027.09,731
2024-01-09 09:30:00,72027.09,72060.79,71925.78,71952.17,892
2024-01-09 09:45:00,71952.17,72074.87,71940.45,72022.01,365
2024-01-09 10:00:00,72022.01,72079.16,71996.59,72056.67,802
2024-01-09 10:15:00,72056.67,72079.24,71948.00,72007.37,960
2024-01-09 10:30:00,72007.37,72027.68,71879.57,71936.90,751
2024-01-09 10:45:00,71936.90,71952.87,71901.01,71912.58,496
2024-01-09 11:00:00,71912.58,71994.33,71896.28,71976.33,757
2024-01-09 11:15:00,71976.33,72066.95,71915.38,72005.69,490
2024-01-09 11:30:00,72005.69,72008.59,71864.83,71913.96,628
2024-01-09 11:45:00,71913.96,71931.96,71846.18,71874.38,424
2024-01-09 12:00:00,71874.38,71929.69,71799.87,71828.45,1008
2024-01-09 12:15:00,71828.45,71852.27,71724.53,71746.87,642
2024-01-09 12:30:00,71746.87,71781.02,71709.02,71762.76,492
2024-01-09 12:45:00,71762.76,71797.65,71665.15,71689.21,996
2024-01-09 13:00:00,71689.21,71810.11,71638.29,71777.83,1077
2024-01-09 13:15:00,71777.83,71853.44,71753.40,71798.17,876
2024-01-09 13:30:00,71798.17,71871.02,71750.09,71812.45,895
2024-01-09 13:45:00,71812.45,71899.58,71808.30,71858.78,682
2024-01-09 14:00:00,71858.78,71953.05,71827.36,71884.29,854
2024-01-09 14:15:00,71884.29,71946.60,71722.67,71797.30,1168
2024-01-09 14:30:00,71797.30,71847.33,71668.75,71729.81,638
2024-01-09 14:45:00,71729.81,71770.36,71620.17,71659.48,640
2024-01-09 15:00:00,71659.48,71697.09,71557.55,71622.52,280
2024-01-09 15:15:00,71622.52,71770.93,71612.60,71699.10,813
2024-01-09 15:30:00,71699.10,71772.39,71561.65,71609.23,395
2024-01-09 15:45:00,71609.23,71653.68,71585.44,71592.00,912
2024-01-09 16:00:00,71592.00,71616.33,71519.33,71600.07,979
2024-01-09 16:15:00,71600.07,71660.58,71479.24,71545.55,897
2024-01-09 16:30:00,71545.55,71639.69,71514.80,71588.82,599
2024-01-09 16:45:00,71588.82,71609.47,71543.86,71573.51,508
2024-01-09 17:00:00,71573.51,71607.35,71502.17,71522.34,491
2024-01-09 17:15:00,71522.34,71549.36,71472.99,71544.79,527
2024-01-09 17:30:00,71544.79,71578.66,71399.90,71460.09,372
2024-01-09 17:45:00,71460.09,71482.84,71444.62,71470.08,747
2024-01-09 18:00:00,71470.08,71471.43,71363.17,71423.56,499
2024-01-09 18:15:00,71423.56,71492.13,71310.92,71384.99,521
2024-01-09 18:30:00,71384.99,71431.07,71269.47,71302.33,320
2024-01-09 18:45:00,71302.33,71421.70,71300.47,71351.52,623
2024-01-09 19:00:00,71351.52,71418.82,71288.89,71339.23,570
2024-01-09 19:15:00,71339.23,71373.86,71212.30,71252.26,987
2024-01-09 19:30:00,71252.26,71313.56,71210.63,71311.79,679
2024-01-09 19:45:00,71311.79,71370.29,71280.10,71300.75,740
2024-01-09 20:00:00,71300.75,71367.35,71211.25,71274.18,358
2024-01-09 20:15:00,71274.18,71286.04,71240.31,71280.30,613
2024-01-09 20:30:00,71280.30,71378.81,71228.37,71311.63,304
2024-01-09 20:45:00,71311.63,71327.87,71308.78,71318.18,253
2024-01-09 21:00:00,71318.18,71389.15,71292.45,71329.52,425
2024-01-09 21:15:00,71329.52,71485.91,71327.38,71415.12,1161
2024-01-09 21:30:00,71415.12,71440.40,71400.07,71409.40,946
2024-01-09 21:45:00,71409.40,71451.36,71402.38,71431.79,892
2024-01-09 22:00:00,71431.79,71578.47,71402.59,71521.61,697
2024-01-09 22:15:00,71521.61,71588.50,71506.65,71526.56,939
2024-01-09 22:30:00,71526.56,71546.50,71507.19,71511.16,1015
2024-01-09 22:45:00,71511.16,71563.47,71431.58,71500.99,947
2024-01-09 23:00:00,71500.99,71568.32,71479.33,71550.77,917
2024-01-09 23:15:00,71550.77,71611.97,71479.43,71512.52,906
2024-01-09 23:30:00,71512.52,71590.93,71493.87,71529.52,641
2024-01-09 23:45:00,71529.52,71544.24,71436.67,71445.29,854
2024-01-10 00:00:00,71445.29,71528.60,71385.91,71496.39,530
2024-01-10 00:15:00,71496.39,71565.59,71480.12,71495.02,196
2024-01-10 00:30:00,71495.02,71522.68,71435.86,71451.66,421
2024-01-10 00:45:00,71451.66,71462.66,71421.28,71457.86,188
2024-01-10 01:00:00,71457.86,71604.27,71432.90,71538.33,705
2024-01-10 01:15:00,71538.33,71600.27,71479.35,71541.34,949
2024-01-10 01:30:00,71541.34,71557.83,71530.69,71548.55,595
2024-01-10 01:45:00,71548.55,71584.45,71477.65,71516.34,544
2024-01-10 02:00:00,71516.34,71550.10,71433.52,71486.80,641
2024-01-10 02:15:00,71486.80,71508.74,71415.76,71430.77,717
2024-01-10 02:30:00,71430.77,71493.43,71362.38,71384.15,315
2024-01-10 02:45:00,71384.15,71386.04,71293.68,71340.35,218
2024-01-10 03:00:00,71340.35,71346.71,71225.99,71258.77,1181
2024-01-10 03:15:00,71258.77,71296.15,71217.94,71241.19,942
2024-01-10 03:30:00,71241.19,71266.05,71216.61,71228.77,837
2024-01-10 03:45:00,71228.77,71315.86,71199.88,71250.03,410
2024-01-10 04:00:00,71250.03,71323.71,71245.22,71288.60,839
2024-01-10 04:15:00,71288.60,71301.73,71199.13,71264.63,308
2024-01-10 04:30:00,71264.63,71296.73,71214.15,71279.45,650
2024-01-10 04:45:00,71279.45,71322.10,71200.84,71210.25,594
2024-01-10 05:00:00,71210.25,71250.73,71197.28,71208.18,237
2024-01-10 05:15:00,71208.18,71312.86,71145.59,71262.69,750
2024-01-10 05:30:00,71262.69,71307.35,71198.89,71210.04,367
2024-01-10 05:45:00,71210.04,71223.58,71175.84,71203.55,934
2024-01-10 06:00:00,71203.55,71240.81,71116.44,71154.02,436
2024-01-10 06:15:00,71154.02,71177.13,71140.07,71144.34,242
2024-01-10 06:30:00,71144.34,71148.37,71057.53,71076.73,896
2024-01-10 06:45:00,71076.73,71193.08,71039.84,71141.06,799
2024-01-10 07:00:00,71141.06,71185.32,71058.61,71119.21,783
2024-01-10 07:15:00,71119.21,71217.57,71104.12,71176.16,246
2024-01-10 07:30:00,71176.16,71176.70,71121.61,71176.40,553
2024-01-10 07:45:00,71176.40,71270.94,71144.35,71237.84,437
2024-01-10 08:00:00,71237.84,71322.58,71186.91,71264.48,454
2024-01-10 08:15:00,71264.48,71289.52,71237.41,71277.41,840
2024-01-10 08:30:00,71277.41,71287.68,71221.04,71246.12,734
2024-01-10 08:45:00,71246.12,71278.75,71229.73,71233.22,870
2024-01-10 09:00:00,71233.22,71257.15,71149.14,71166.01,958
2024-01-10 09:15:00,71166.01,71214.61,71049.98,71099.34,459
2024-01-10 09:30:00,71099.34,71180.78,71062.83,71138.16,470
2024-01-10 09:45:00,71138.16,71267.73,71102.64,71213.87,793
2024-01-10 10:00:00,71213.87,71268.69,71187.74,71256.72,724
2024-01-10 10:15:00,71256.72,71278.20,71138.03,71183.57,1145
2024-01-10 10:30:00,71183.57,71199.55,71134.86,71152.17,961
2024-01-10 10:45:00,71152.17,71215.11,71102.02,71162.63,1008
2024-01-10 11:00:00,71162.63,71180.53,71074.94,71123.19,798
2024-01-10 11:15:00,71123.19,71167.90,71070.80,71162.54,630
2024-01-10 11:30:00,71162.54,71181.79,71127.15,71151.86,258
2024-01-10 11:45:00,71151.86,71174.76,71118.05,71162.71,955
2024-01-10 12:00:00,71162.71,71201.16,71149.87,71188.43,376
2024-01-10 12:15:00,71188.43,71289.45,71176.71,71233.95,955
2024-01-10 12:30:00,71233.95,71281.32,71208.28,71220.11,525
2024-01-10 12:45:00,71220.11,71230.08,71143.45,71194.95,995
2024-01-10 13:00:00,71194.95,71242.91,71143.33,71149.90,833
2024-01-10 13:15:00,71149.90,71195.25,71105.85,71167.99,764
2024-01-10 13:30:00,71167.99,71191.36,71093.05,71145.56,473
2024-01-10 13:45:00,71145.56,71189.76,71101.63,71124.45,477
2024-01-10 14:00:00,71124.45,71166.36,71018.64,71056.86,813
2024-01-10 14:15:00,71056.86,71088.00,71032.34,71075.83,267
2024-01-10 14:30:00,71075.83,71114.18,71032.24,71090.69,555
2024-01-10 14:45:00,71090.69,71132.54,71037.78,71041.16,930
2024-01-10 15:00:00,71041.16,71111.27,71001.76,71087.88,1072
2024-01-10 15:15:00,71087.88,71132.48,71075.45,71129.34,619
2024-01-10 15:30:00,71129.34,71164.33,71073.91,71108.11,809
2024-01-10 15:45:00,71108.11,71127.01,71038.75,71088.53,349
2024-01-10 16:00:00,71088.53,71138.63,70990.41,71024.71,756
2024-01-10 16:15:00,71024.71,71078.58,70983.11,71058.11,548
2024-01-10 16:30:00,71058.11,71100.82,71051.09,71081.07,709
2024-01-10 16:45:00,71081.07,71126.25,71013.03,71032.61,341
2024-01-10 17:00:00,71032.61,71058.75,70978.56,71007.59,769
2024-01-10 17:15:00,71007.59,71091.91,70984.38,71055.56,815
2024-01-10 17:30:00,71055.56,71102.64,71026.03,71047.24,598
2024-01-10 17:45:00,71047.24,71047.73,71003.67,71034.89,516
2024-01-10 18:00:00,71034.89,71071.37,70995.36,71049.55,641
2024-01-10 18:15:00,71049.55,71058.04,70979.65,71003.62,934
2024-01-10 18:30:00,71003.62,71016.44,70927.79,70963.81,827
2024-01-10 18:45:00,70963.81,70975.16,70919.80,70959.30,507
2024-01-10 19:00:00,70959.30,70985.62,70937.42,70951.72,595
2024-01-10 19:15:00,70951.72,70991.15,70903.33,70935.07,863
2024-01-10 19:30:00,70935.07,70946.41,70839.86,70876.83,915
2024-01-10 19:45:00,70876.83,70916.02,70848.13,70890.01,357
2024-01-10 20:00:00,70890.01,70966.52,70880.65,70939.61,280
2024-01-10 20:15:00,70939.61,71020.29,70916.00,70986.70,654
2024-01-10 20:30:00,70986.70,71018.04,70938.34,70955.06,539
2024-01-10 20:45:00,70955.06,70977.02,70934.93,70954.57,559
2024-01-10 21:00:00,70954.57,70990.28,70903.70,70944.62,1032
2024-01-10 21:15:00,70944.62,71044.06,70919.75,70998.87,636
2024-01-10 21:30:00,70998.87,71081.68,70966.93,71050.72,316
2024-01-10 21:45:00,71050.72,71129.79,71047.44,71103.24,570
2024-01-10 22:00:00,71103.24,71118.51,71066.86,71108.83,224
2024-01-10 22:15:00,71108.83,71174.64,71073.48,71143.83,493
2024-01-10 22:30:00,71143.83,71242.13,71110.51,71194.17,601
2024-01-10 22:45:00,71194.17,71223.44,71142.03,71180.32,876
2024-01-10 23:00:00,71180.32,71228.85,71151.66,71188.77,1022
2024-01-10 23:15:00,71188.77,71199.32,71172.96,71191.03,754
2024-01-10 23:30:00,71191.03,71263.77,71183.49,71212.72,719
2024-01-10 23:45:00,71212.72,71224.03,71193.46,71199.86,792
2024-01-11 00:00:00,71199.86,71288.93,71172.54,71237.69,238
2024-01-11 00:15:00,71237.69,71334.03,71192.75,71284.24,887
2024-01-11 00:30:00,71284.24,71286.42,71257.26,71258.84,222
2024-01-11 00:45:00,71258.84,71311.06,71228.32,71302.37,635
2024-01-11 01:00:00,71302.37,71380.61,71289.92,71329.34,651
2024-01-11 01:15:00,71329.34,71382.71,71274.54,71298.55,348
2024-01-11 01:30:00,71298.55,71335.38,71198.48,71243.61,1117
2024-01-11 01:45:00,71243.61,71276.31,71227.28,71244.24,478
2024-01-11 02:00:00,71244.24,71309.62,71206.88,71274.93,226
2024-01-11 02:15:00,71274.93,71306.67,71247.72,71258.26,987
2024-01-11 02:30:00,71258.26,71273.63,71179.99,71212.55,353
2024-01-11 02:45:00,71212.55,71251.00,71182.98,71239.39,1001
2024-01-11 03:00:00,71239.39,71257.23,71234.08,71243.75,726
2024-01-11 03:15:00,71243.75,71275.91,71229.38,71262.22,394
2024-01-11 03:30:00,71262.22,71281.99,71236.09,71280.85,1004
2024-01-11 03:45:00,71280.85,71325.51,71238.21,71312.58,787
2024-01-11 04:00:00,71312.58,71329.12,71254.87,71279.44,958
2024-01-11 04:15:00,71279.44,71322.17,71232.31,71269.33,615
2024-01-11 04:30:00,71269.33,71331.49,71221.34,71331.34,935
2024-01-11 04:45:00,71331.34,71332.97,71303.47,71326.39,161
2024-01-11 05:00:00,71326.39,71416.39,71307.41,71370.56,302
2024-01-11 05:15:00,71370.56,71420.76,71337.75,71397.21,882
2024-01-11 05:30:00,71397.21,71469.29,71354.60,71430.89,569
2024-01-11 05:45:00,71430.89,71475.26,71342.86,71349.18,492
2024-01-11 06:00:00,71349.18,71394.07,71302.53,71365.20,660
2024-01-11 06:15:00,71365.20,71375.60,71295.15,71353.76,884
2024-01-11 06:30:00,71353.76,71437.48,71294.76,71417.30,694
2024-01-11 06:45:00,71417.30,71428.01,71357.65,71399.00,822
2024-01-11 07:00:00,71399.00,71449.29,71314.68,71373.59,388
2024-01-11 07:15:00,71373.59,71475.04,71341.45,71431.22,899
2024-01-11 07:30:00,71431.22,71458.53,71375.21,71394.29,396
2024-01-11 07:45:00,71394.29,71473.96,71354.03,71441.72,753
2024-01-11 08:00:00,71441.72,71489.13,71372.39,71378.98,982
2024-01-11 08:15:00,71378.98,71430.10,71350.20,71412.98,500
2024-01-11 08:30:00,71412.98,71458.26,71360.53,71441.39,431
2024-01-11 08:45:00,71441.39,71541.98,71422.37,71479.21,346
2024-01-11 09:00:00,71479.21,71536.03,71363.65,71415.25,978
2024-01-11 09:15:00,71415.25,71431.88,71358.89,71363.09,558
2024-01-11 09:30:00,71363.09,71366.41,71342.62,71347.33,672
2024-01-11 09:45:00,71347.33,71408.43,71279.07,71329.58,384
2024-01-11 10:00:00,71329.58,71392.81,71310.25,71392.69,852
2024-01-11 10:15:00,71392.69,71491.17,71336.24,71459.32,330
2024-01-11 10:30:00,71459.32,71516.54,71366.00,71421.88,501
2024-01-11 10:45:00,71421.88,71542.67,71358.91,71484.58,564
2024-01-11 11:00:00,71484.58,71528.68,71419.21,71474.66,569
2024-01-11 11:15:00,71474.66,71488.88,71366.43,71412.86,1023
2024-01-11 11:30:00,71412.86,71490.08,71385.62,71470.33,813
2024-01-11 11:45:00,71470.33,71514.59,71356.30,71377.17,878
2024-01-11 12:00:00,71377.17,71431.01,71322.50,71417.27,384
2024-01-11 12:15:00,71417.27,71442.23,71316.93,71338.49,486
2024-01-11 12:30:00,71338.49,71359.51,71239.33,71293.03,700
2024-01-11 12:45:00,71293.03,71382.53,71274.35,71315.95,869
2024-01-11 13:00:00,71315.95,71357.79,71310.94,71315.29,660
2024-01-11 13:15:00,71315.29,71346.68,71247.47,71267.23,861
2024-01-11 13:30:00,71267.23,71318.89,71148.47,71192.92,1015
2024-01-11 13:45:00,71192.92,71275.92,71189.59,71256.66,1026
2024-01-11 14:00:00,71256.66,71370.20,71202.14,71327.31,684
2024-01-11 14:15:00,71327.31,71371.21,71288.13,71353.91,985
2024-01-11 14:30:00,71353.91,71418.38,71338.38,71342.33,925
2024-01-11 14:45:00,71342.33,71429.76,71314.69,71388.07,467
2024-01-11 15:00:00,71388.07,71447.73,71262.42,71319.31,1136
2024-01-11 15:15:00,71319.31,71388.50,71227.04,71281.71,546
2024-01-11 15:30:00,71281.71,71303.71,71172.48,71186.25,815
2024-01-11 15:45:00,71186.25,71190.11,71103.09,71151.12,1007
2024-01-11 16:00:00,71151.12,71224.60,71099.62,71167.82,567
2024-01-11 16:15:00,71167.82,71283.11,71153.58,71217.53,1020
2024-01-11 16:30:00,71217.53,71257.63,71158.24,71170.83,844
2024-01-11 16:45:00,71170.83,71217.74,71067.19,71121.26,910
2024-01-11 17:00:00,71121.26,71157.67,71057.63,71142.64,370
2024-01-11 17:15:00,71142.64,71158.89,71035.83,71076.07,1077
2024-01-11 17:30:00,71076.07,71098.19,71042.29,71075.70,544
2024-01-11 17:45:00,71075.70,71082.46,70983.62,71002.59,342
2024-01-11 18:00:00,71002.59,71075.16,70844.09,70903.51,1041
2024-01-11 18:15:00,70903.51,70928.01,70806.87,70855.10,797
2024-01-11 18:30:00,70855.10,70886.65,70792.87,70822.10,449
2024-01-11 18:45:00,70822.10,70826.15,70761.73,70799.82,931
2024-01-11 19:00:00,70799.82,70837.47,70656.69,70728.44,881
2024-01-11 19:15:00,70728.44,70859.64,70724.48,70793.15,482
2024-01-11 19:30:00,70793.15,70905.94,70726.45,70845.60,862
2024-01-11 19:45:00,70845.60,70874.50,70695.56,70736.25,534
2024-01-11 20:00:00,70736.25,70741.20,70638.76,70648.69,744
2024-01-11 20:15:00,70648.69,70719.03,70486.39,70544.47,866
2024-01-11 20:30:00,70544.47,70547.05,70469.09,70521.62,811
2024-01-11 20:45:00,70521.62,70542.39,70381.03,70425.37,466
2024-01-11 21:00:00,70425.37,70440.59,70364.54,70403.06,1020
2024-01-11 21:15:00,70403.06,70431.43,70356.80,70381.59,318
2024-01-11 21:30:00,70381.59,70455.01,70285.61,70329.29,239
2024-01-11 21:45:00,70329.29,70403.57,70165.50,70219.26,872
2024-01-11 22:00:00,70219.26,70249.08,70169.95,70185.52,610
2024-01-11 22:15:00,70185.52,70190.98,70075.52,70132.93,252
2024-01-11 22:30:00,70132.93,70160.58,70118.94,70131.42,272
2024-01-11 22:45:00,70131.42,70188.86,70025.59,70025.92,577
2024-01-11 23:00:00,70025.92,70098.69,69992.57,70056.22,251
2024-01-11 23:15:00,70056.22,70176.61,69983.88,70118.14,435
2024-01-11 23:30:00,70118.14,70149.20,69994.09,70056.19,480
2024-01-11 23:45:00,70056.19,70101.97,69927.74,69942.82,1083
2024-01-12 00:00:00,69942.82,69946.02,69809.64,69867.09,897
2024-01-12 00:15:00,69867.09,69933.59,69825.10,69860.99,930
2024-01-12 00:30:00,69860.99,69889.71,69721.40,69757.13,983
2024-01-12 00:45:00,69757.13,69785.74,69578.12,69643.82,534
2024-01-12 01:00:00,69643.82,69715.05,69482.59,69556.97,357
2024-01-12 01:15:00,69556.97,69616.78,69449.45,69493.04,741
2024-01-12 01:30:00,69493.04,69528.55,69374.97,69424.26,258
2024-01-12 01:45:00,69424.26,69455.98,69373.49,69411.88,937
2024-01-12 02:00:00,69411.88,69537.67,69343.12,69462.43,1102
2024-01-12 02:15:00,69462.43,69470.38,69453.88,69462.16,658
2024-01-12 02:30:00,69462.16,69476.41,69410.38,69446.75,270
2024-01-12 02:45:00,69446.75,69455.67,69320.59,69368.33,318
2024-01-12 03:00:00,69368.33,69498.13,69323.24,69422.47,321
2024-01-12 03:15:00,69422.47,69434.77,69389.75,69434.54,700
2024-01-12 03:30:00,69434.54,69474.10,69273.68,69329.68,992
2024-01-12 03:45:00,69329.68,69408.25,69257.15,69358.62,683
2024-01-12 04:00:00,69358.62,69407.55,69314.34,69399.22,838
2024-01-12 04:15:00,69399.22,69477.41,69330.10,69441.52,537
2024-01-12 04:30:00,69441.52,69476.06,69296.39,69360.51,643
2024-01-12 04:45:00,69360.51,69420.20,69327.55,69416.79,676
2024-01-12 05:00:00,69416.79,69430.69,69253.40,69331.18,302
2024-01-12 05:15:00,69331.18,69427.27,69287.27,69388.15,904
2024-01-12 05:30:00,69388.15,69400.38,69335.47,69339.69,244
2024-01-12 05:45:00,69339.69,69363.05,69238.78,69315.34,342
2024-01-12 06:00:00,69315.34,69369.17,69264.47,69333.15,521
2024-01-12 06:15:00,69333.15,69344.39,69272.71,69282.72,422
2024-01-12 06:30:00,69282.72,69343.21,69211.03,69238.17,522
2024-01-12 06:45:00,69238.17,69333.34,69175.75,69285.83,983
2024-01-12 07:00:00,69285.83,69307.26,69220.68,69303.96,710
2024-01-12 07:15:00,69303.96,69310.37,69247.92,69274.64,604
2024-01-12 07:30:00,69274.64,69341.54,69201.18,69291.51,439
2024-01-12 07:45:00,69291.51,69393.93,69257.88,69347.20,901
2024-01-12 08:00:00,69347.20,69403.72,69273.59,69387.20,837
2024-01-12 08:15:00,69387.20,69474.04,69334.14,69458.41,716
2024-01-12 08:30:00,69458.41,69525.73,69316.20,69370.33,709
2024-01-12 08:45:00,69370.33,69421.36,69331.59,69366.99,381
2024-01-12 09:00:00,69366.99,69432.28,69225.63,69268.88,634
2024-01-12 09:15:00,69268.88,69340.96,69248.42,69273.46,941
2024-01-12 09:30:00,69273.46,69349.91,69180.48,69250.20,269
2024-01-12 09:45:00,69250.20,69255.29,69149.20,69214.78,484
2024-01-12 10:00:00,69214.78,69274.03,69122.82,69161.61,287
2024-01-12 10:15:00,69161.61,69196.82,69036.05,69112.23,372
2024-01-12 10:30:00,69112.23,69188.53,69064.21,69108.01,650
2024-01-12 10:45:00,69108.01,69154.14,69094.30,69114.62,412
2024-01-12 11:00:00,69114.62,69249.58,69085.37,69179.05,711
2024-01-12 11:15:00,69179.05,69222.99,69090.30,69149.53,618
2024-01-12 11:30:00,69149.53,69239.04,69109.34,69214.26,685
2024-01-12 11:45:00,69214.26,69232.56,69147.63,69170.05,440
2024-01-12 12:00:00,69170.05,69244.33,69093.95,69242.53,496
2024-01-12 12:15:00,69242.53,69306.20,69209.59,69269.63,601
2024-01-12 12:30:00,69269.63,69311.02,69158.90,69230.98,802
2024-01-12 12:45:00,69230.98,69259.99,69078.29,69150.16,1057
2024-01-12 13:00:00,69150.16,69218.48,69093.76,69197.60,201
2024-01-12 13:15:00,69197.60,69258.98,69196.34,69222.70,425
2024-01-12 13:30:00,69222.70,69296.66,69197.31,69256.00,691
2024-01-12 13:45:00,69256.00,69325.69,69216.03,69234.36,966
2024-01-12 14:00:00,69234.36,69291.74,69193.24,69210.20,657
2024-01-12 14:15:00,69210.20,69265.72,69138.11,69143.00,346
2024-01-12 14:30:00,69143.00,69153.29,69086.36,69136.76,266
2024-01-12 14:45:00,69136.76,69205.34,68957.91,69023.99,873
2024-01-12 15:00:00,69023.99,69124.44,68977.06,69099.64,1050
2024-01-12 15:15:00,69099.64,69146.28,69061.03,69121.29,864
2024-01-12 15:30:00,69121.29,69149.06,69055.70,69068.89,1093
2024-01-12 15:45:00,69068.89,69087.27,68919.07,68976.22,411
2024-01-12 16:00:00,68976.22,69030.84,68866.32,68889.37,689
2024-01-12 16:15:00,68889.37,68982.06,68847.31,68961.35,588
2024-01-12 16:30:00,68961.35,68997.82,68906.09,68912.43,803
2024-01-12 16:45:00,68912.43,69033.73,68898.64,68984.03,762
2024-01-12 17:00:00,68984.03,69045.94,68931.71,69028.49,725
2024-01-12 17:15:00,69028.49,69076.34,68998.04,69015.67,937
2024-01-12 17:30:00,69015.67,69063.87,68975.63,69002.63,848
2024-01-12 17:45:00,69002.63,69042.58,68944.79,69032.82,848
2024-01-12 18:00:00,69032.82,69087.16,69025.92,69073.84,602
2024-01-12 18:15:00,69073.84,69102.65,69018.96,69046.73,212
2024-01-12 18:30:00,69046.73,69120.36,68971.18,69011.29,793
2024-01-12 18:45:00,69011.29,69055.72,68944.26,69042.47,923
2024-01-12 19:00:00,69042.47,69142.49,69033.09,69112.25,311
2024-01-12 19:15:00,69112.25,69128.82,69045.76,69078.90,1063
2024-01-12 19:30:00,69078.90,69082.65,69055.70,69069.10,693
2024-01-12 19:45:00,69069.10,69170.39,69017.23,69120.47,530
2024-01-12 20:00:00,69120.47,69173.62,69109.92,69124.61,462
2024-01-12 20:15:00,69124.61,69196.74,69113.79,69140.29,170
2024-01-12 20:30:00,69140.29,69204.71,69000.40,69056.02,313
2024-01-12 20:45:00,69056.02,69073.01,68971.51,69028.16,180
2024-01-12 21:00:00,69028.16,69105.88,68999.42,69059.14,838
2024-01-12 21:15:00,69059.14,69101.94,69033.22,69050.12,963
2024-01-12 21:30:00,69050.12,69051.84,68897.44,68948.45,1095
2024-01-12 21:45:00,68948.45,69018.15,68946.11,69010.23,1028
2024-01-12 22:00:00,69010.23,69085.12,68982.54,69060.53,967
2024-01-12 22:15:00,69060.53,69135.09,69051.35,69098.77,687
2024-01-12 22:30:00,69098.77,69149.27,69039.60,69143.95,441
2024-01-12 22:45:00,69143.95,69272.06,69111.34,69214.47,598
2024-01-12 23:00:00,69214.47,69225.19,69127.79,69176.21,1053
2024-01-12 23:15:00,69176.21,69268.16,69106.97,69199.45,685
2024-01-12 23:30:00,69199.45,69237.34,69188.34,69221.16,581
2024-01-12 23:45:00,69221.16,69252.26,69134.98,69200.20,1045
2024-01-13 00:00:00,69200.20,69243.65,69157.95,69217.58,155
2024-01-13 00:15:00,69217.58,69242.55,69089.54,69138.58,466
2024-01-13 00:30:00,69138.58,69230.74,69134.23,69162.30,1035
2024-01-13 00:45:00,69162.30,69266.39,69120.00,69233.22,1083
2024-01-13 01:00:00,69233.22,69277.73,69139.69,69176.68,1024
2024-01-13 01:15:00,69176.68,69188.52,69047.63,69079.72,976
2024-01-13 01:30:00,69079.72,69198.13,69041.74,69140.95,872
2024-01-13 01:45:00,69140.95,69207.64,69034.06,69048.89,442
2024-01-13 02:00:00,69048.89,69092.34,69048.02,69050.54,619
2024-01-13 02:15:00,69050.54,69132.02,69049.21,69104.21,337
2024-01-13 02:30:00,69104.21,69104.86,68988.69,69007.82,985
2024-01-13 02:45:00,69007.82,69064.17,68953.02,68953.02,296
2024-01-13 03:00:00,68953.02,69040.59,68943.20,68975.05,424
2024-01-13 03:15:00,68975.05,69057.33,68926.23,69004.01,203
2024-01-13 03:30:00,69004.01,69082.92,68983.46,69066.30,453
2024-01-13 03:45:00,69066.30,69122.04,68993.89,69004.64,986
2024-01-13 04:00:00,69004.64,69024.46,68987.34,68989.33,774
2024-01-13 04:15:00,68989.33,69029.61,68964.18,69008.05,291
2024-01-13 04:30:00,69008.05,69013.42,68994.61,69004.36,216
2024-01-13 04:45:00,69004.36,69110.40,68991.83,69060.01,298
2024-01-13 05:00:00,69060.01,69111.93,69035.81,69103.77,651
2024-01-13 05:15:00,69103.77,69130.28,69046.15,69067.68,575
2024-01-13 05:30:00,69067.68,69099.27,69005.87,69037.52,463
2024-01-13 05:45:00,69037.52,69095.12,68983.77,69075.89,1003
2024-01-13 06:00:00,69075.89,69090.84,69056.31,69056.69,671
2024-01-13 06:15:00,69056.69,69128.06,68993.84,69112.20,946
2024-01-13 06:30:00,69112.20,69127.92,69083.02,69085.17,292
2024-01-13 06:45:00,69085.17,69197.47,69049.83,69139.63,778
2024-01-13 07:00:00,69139.63,69171.81,69083.71,69113.00,460
2024-01-13 07:15:00,69113.00,69155.14,69055.75,69081.34,963
2024-01-13 07:30:00,69081.34,69157.06,69050.43,69119.37,692
2024-01-13 07:45:00,69119.37,69186.12,69068.57,69128.98,1003
2024-01-13 08:00:00,69128.98,69155.26,69043.90,69050.36,521
2024-01-13 08:15:00,69050.36,69098.77,68980.47,69001.91,320
2024-01-13 08:30:00,69001.91,69102.95,68961.20,69044.33,633
2024-01-13 08:45:00,69044.33,69048.88,68959.07,68990.64,264
2024-01-13 09:00:00,68990.64,69042.01,68921.84,68945.95,322
2024-01-13 09:15:00,68945.95,69004.19,68849.50,68862.48,664
2024-01-13 09:30:00,68862.48,68912.14,68755.58,68811.36,515
2024-01-13 09:45:00,68811.36,68851.82,68784.32,68795.38,668
2024-01-13 10:00:00,68795.38,68828.01,68711.25,68713.97,616
2024-01-13 10:15:00,68713.97,68805.31,68684.31,68759.46,1072
2024-01-13 10:30:00,68759.46,68846.23,68731.12,68791.51,286
2024-01-13 10:45:00,68791.51,68798.37,68672.88,68713.22,632
2024-01-13 11:00:00,68713.22,68724.86,68677.67,68682.93,398
2024-01-13 11:15:00,68682.93,68707.96,68610.53,68626.36,1144
2024-01-13 11:30:00,68626.36,68650.33,68563.19,68615.58,440
2024-01-13 11:45:00,68615.58,68698.04,68582.75,68668.61,816
2024-01-13 12:00:00,68668.61,68671.49,68587.05,68610.29,321
2024-01-13 12:15:00,68610.29,68613.75,68556.08,68613.67,490
2024-01-13 12:30:00,68613.67,68654.99,68526.37,68563.91,956
2024-01-13 12:45:00,68563.91,68601.04,68515.48,68591.53,222
2024-01-13 13:00:00,68591.53,68637.27,68552.24,68634.94,387
2024-01-13 13:15:00,68634.94,68643.34,68543.23,68593.65,458
2024-01-13 13:30:00,68593.65,68642.34,68494.19,68536.83,657
2024-01-13 13:45:00,68536.83,68543.50,68451.95,68466.85,788
2024-01-13 14:00:00,68466.85,68497.17,68449.28,68486.99,377
2024-01-13 14:15:00,68486.99,68555.82,68471.11,68523.04,1011
2024-01-13 14:30:00,68523.04,68576.44,68506.80,68554.31,485
2024-01-13 14:45:00,68554.31,68614.04,68522.25,68578.47,426
2024-01-13 15:00:00,68578.47,68644.47,68567.44,68615.97,359
2024-01-13 15:15:00,68615.97,68618.76,68547.92,68594.54,208
2024-01-13 15:30:00,68594.54,68621.15,68572.16,68619.95,908
2024-01-13 15:45:00,68619.95,68661.68,68525.82,68550.35,551
2024-01-13 16:00:00,68550.35,68551.51,68497.88,68535.65,897
2024-01-13 16:15:00,68535.65,68538.94,68526.98,68528.48,480
2024-01-13 16:30:00,68528.48,68545.19,68488.01,68539.21,157
2024-01-13 16:45:00,68539.21,68594.47,68532.04,68545.44,1013
2024-01-13 17:00:00,68545.44,68585.60,68508.86,68565.56,527
2024-01-13 17:15:00,68565.56,68639.59,68526.75,68605.83,370
2024-01-13 17:30:00,68605.83,68606.29,68590.72,68605.25,478
2024-01-13 17:45:00,68605.25,68611.13,68542.90,68571.89,232
2024-01-13 18:00:00,68571.89,68610.83,68540.92,68591.75,689
2024-01-13 18:15:00,68591.75,68625.39,68536.58,68542.72,494
2024-01-13 18:30:00,68542.72,68568.97,68531.10,68533.35,357
2024-01-13 18:45:00,68533.35,68541.86,68508.72,68510.04,580
2024-01-13 19:00:00,68510.04,68565.77,68488.07,68521.15,496
2024-01-13 19:15:00,68521.15,68605.47,68477.83,68572.44,842
2024-01-13 19:30:00,68572.44,68605.20,68530.63,68585.88,971
2024-01-13 19:45:00,68585.88,68592.57,68492.24,68535.62,1147
2024-01-13 20:00:00,68535.62,68552.55,68500.22,68505.51,389
2024-01-13 20:15:00,68505.51,68531.28,68480.61,68512.40,428
2024-01-13 20:30:00,68512.40,68602.59,68474.28,68561.71,563
2024-01-13 20:45:00,68561.71,68584.09,68520.94,68523.21,493
2024-01-13 21:00:00,68523.21,68570.01,68427.90,68458.05,310
2024-01-13 21:15:00,68458.05,68485.91,68369.15,68403.64,1092
2024-01-13 21:30:00,68403.64,68475.20,68375.46,68457.95,833
2024-01-13 21:45:00,68457.95,68486.41,68441.00,68478.96,412
2024-01-13 22:00:00,68478.96,68529.81,68425.91,68456.06,1052
2024-01-13 22:15:00,68456.06,68538.36,68441.63,68488.68,834
2024-01-13 22:30:00,68488.68,68567.83,68451.27,68541.50,548
2024-01-13 22:45:00,68541.50,68548.76,68477.48,68486.70,753
2024-01-13 23:00:00,68486.70,68528.89,68468.11,68515.33,1078
2024-01-13 23:15:00,68515.33,68552.94,68447.92,68470.27,434
2024-01-13 23:30:00,68470.27,68540.37,68459.22,68500.83,992
2024-01-13 23:45:00,68500.83,68526.02,68401.40,68440.42,1084
2024-01-14 00:00:00,68440.42,68503.69,68430.48,68483.11,298
2024-01-14 00:15:00,68483.11,68505.78,68406.54,68459.62,458
2024-01-14 00:30:00,68459.62,68500.88,68453.68,68476.53,341
2024-01-14 00:45:00,68476.53,68501.29,68416.36,68426.50,643
2024-01-14 01:00:00,68426.50,68506.65,68413.40,68472.90,500
2024-01-14 01:15:00,68472.90,68549.69,68458.64,68521.75,812
2024-01-14 01:30:00,68521.75,68573.21,68485.94,68555.16,979
2024-01-14 01:45:00,68555.16,68607.16,68450.17,68503.42,345
2024-01-14 02:00:00,68503.42,68546.37,68478.69,68491.50,928
2024-01-14 02:15:00,68491.50,68500.39,68468.72,68489.41,686
2024-01-14 02:30:00,68489.41,68529.93,68395.04,68445.69,705
2024-01-14 02:45:00,68445.69,68515.48,68395.17,68463.85,339
2024-01-14 03:00:00,68463.85,68495.81,68340.98,68388.49,420
2024-01-14 03:15:00,68388.49,68408.88,68309.50,68353.03,922
2024-01-14 03:30:00,68353.03,68419.52,68331.39,68401.08,555
2024-01-14 03:45:00,68401.08,68426.88,68319.82,68344.11,615
2024-01-14 04:00:00,68344.11,68371.74,68306.83,68311.78,547
2024-01-14 04:15:00,68311.78,68350.10,68224.73,68235.27,741
2024-01-14 04:30:00,68235.27,68293.32,68199.87,68227.38,282
2024-01-14 04:45:00,68227.38,68252.77,68170.20,68213.79,544
2024-01-14 05:00:00,68213.79,68242.62,68195.31,68212.48,701
2024-01-14 05:15:00,68212.48,68249.06,68119.04,68166.64,653
2024-01-14 05:30:00,68166.64,68209.19,68047.08,68103.37,989
2024-01-14 05:45:00,68103.37,68160.51,68077.90,68091.47,169
2024-01-14 06:00:00,68091.47,68154.47,68056.28,68153.29,718
2024-01-14 06:15:00,68153.29,68242.86,68129.35,68196.73,436
2024-01-14 06:30:00,68196.73,68289.41,68146.33,68253.33,595
2024-01-14 06:45:00,68253.33,68285.32,68221.87,68284.56,288
2024-01-14 07:00:00,68284.56,68313.44,68181.52,68231.33,257
2024-01-14 07:15:00,68231.33,68266.60,68103.62,68158.55,676
2024-01-14 07:30:00,68158.55,68230.72,68138.83,68197.17,790
2024-01-14 07:45:00,68197.17,68244.93,68054.66,68116.60,845
2024-01-14 08:00:00,68116.60,68177.30,68018.24,68081.98,994
2024-01-14 08:15:00,68081.98,68108.12,67990.99,68003.84,1163
2024-01-14 08:30:00,68003.84,68059.14,67895.43,67959.55,224
2024-01-14 08:45:00,67959.55,68006.81,67850.28,67914.41,318
2024-01-14 09:00:00,67914.41,67991.74,67883.33,67976.37,672
2024-01-14 09:15:00,67976.37,68010.65,67932.27,68007.42,306
2024-01-14 09:30:00,68007.42,68084.52,67951.10,68072.97,822
2024-01-14 09:45:00,68072.97,68089.12,68055.15,68063.25,127
2024-01-14 10:00:00,68063.25,68175.36,68034.64,68139.26,748
2024-01-14 10:15:00,68139.26,68156.89,68048.86,68099.66,895
2024-01-14 10:30:00,68099.66,68145.42,68059.76,68143.33,426
2024-01-14 10:45:00,68143.33,68194.12,68006.99,68058.98,416
2024-01-14 11:00:00,68058.98,68075.17,67927.55,67975.85,742
2024-01-14 11:15:00,67975.85,68067.45,67944.36,68006.42,995
2024-01-14 11:30:00,68006.42,68079.72,67964.32,68067.24,485
2024-01-14 11:45:00,68067.24,68105.00,67965.42,68024.83,563
2024-01-14 12:00:00,68024.83,68061.60,67900.35,67964.06,524
2024-01-14 12:15:00,67964.06,68004.44,67845.31,67886.42,950
2024-01-14 12:30:00,67886.42,67919.61,67770.99,67839.86,463
2024-01-14 12:45:00,67839.86,67897.96,67825.62,67893.84,708
2024-01-14 13:00:00,67893.84,67961.08,67798.29,67854.26,571
2024-01-14 13:15:00,67854.26,67939.09,67830.73,67918.64,966
2024-01-14 13:30:00,67918.64,68051.56,67907.38,67983.78,585
2024-01-14 13:45:00,67983.78,68059.64,67969.81,68046.74,938
2024-01-14 14:00:00,68046.74,68093.57,67985.79,67987.15,980
2024-01-14 14:15:00,67987.15,68075.22,67964.17,68063.55,350
2024-01-14 14:30:00,68063.55,68105.58,68036.46,68071.01,305
2024-01-14 14:45:00,68071.01,68092.74,67935.94,67984.72,938
2024-01-14 15:00:00,67984.72,68009.66,67971.16,67996.80,865
2024-01-14 15:15:00,67996.80,68013.48,67874.22,67922.36,645
2024-01-14 15:30:00,67922.36,67934.41,67869.67,67893.53,712
2024-01-14 15:45:00,67893.53,67940.27,67825.04,67921.20,1033
2024-01-14 16:00:00,67921.20,68034.64,67879.44,67966.64,325
2024-01-14 16:15:00,67966.64,68007.80,67870.00,67931.32,898
2024-01-14 16:30:00,67931.32,67985.33,67813.62,67851.11,1153
2024-01-14 16:45:00,67851.11,67870.51,67745.70,67757.44,836
2024-01-14 17:00:00,67757.44,67838.74,67753.25,67771.15,889
2024-01-14 17:15:00,67771.15,67851.07,67729.48,67791.70,1043
2024-01-14 17:30:00,67791.70,67818.33,67684.81,67750.25,481
2024-01-14 17:45:00,67750.25,67791.34,67700.04,67790.17,1008
2024-01-14 18:00:00,67790.17,67854.51,67655.99,67707.94,604
2024-01-14 18:15:00,67707.94,67747.34,67607.52,67641.94,563
2024-01-14 18:30:00,67641.94,67696.90,67582.64,67643.68,645
2024-01-14 18:45:00,67643.68,67735.24,67585.93,67719.66,531
2024-01-14 19:00:00,67719.66,67788.91,67711.65,67751.65,890
2024-01-14 19:15:00,67751.65,67873.05,67713.37,67836.96,892
2024-01-14 19:30:00,67836.96,67902.95,67782.59,67897.32,934
2024-01-14 19:45:00,67897.32,67928.13,67861.14,67923.08,658
2024-01-14 20:00:00,67923.08,67975.11,67801.40,67861.91,742
2024-01-14 20:15:00,67861.91,67923.08,67765.82,67766.84,918
2024-01-14 20:30:00,67766.84,67850.01,67717.83,67845.30,613
2024-01-14 20:45:00,67845.30,67895.80,67749.95,67758.75,635
2024-01-14 21:00:00,67758.75,67837.35,67734.50,67836.10,463
2024-01-14 21:15:00,67836.10,67908.40,67768.50,67845.65,445
2024-01-14 21:30:00,67845.65,67908.44,67797.08,67837.64,1007
2024-01-14 21:45:00,67837.64,67862.54,67815.71,67857.27,1004
2024-01-14 22:00:00,67857.27,67932.92,67842.99,67929.43,966
2024-01-14 22:15:00,67929.43,67930.93,67860.70,67928.15,661
2024-01-14 22:30:00,67928.15,67953.32,67803.84,67867.62,467
2024-01-14 22:45:00,67867.62,67898.25,67803.44,67823.78,256
2024-01-14 23:00:00,67823.78,67898.63,67771.72,67821.92,635
2024-01-14 23:15:00,67821.92,67901.79,67773.55,67879.17,394
2024-01-14 23:30:00,67879.17,67948.26,67735.40,67784.37,898
2024-01-14 23:45:00,67784.37,67786.06,67733.71,67763.72,339
2024-01-15 00:00:00,67763.72,67790.50,67747.38,67751.30,491
2024-01-15 00:15:00,67751.30,67812.45,67637.05,67694.49,759
2024-01-15 00:30:00,67694.49,67741.14,67619.23,67660.57,287
2024-01-15 00:45:00,67660.57,67733.83,67545.24,67596.25,1057
2024-01-15 01:00:00,67596.25,67649.32,67583.62,67629.97,606
2024-01-15 01:15:00,67629.97,67674.80,67516.52,67587.94,615
2024-01-15 01:30:00,67587.94,67707.01,67543.85,67648.68,931
2024-01-15 01:45:00,67648.68,67705.70,67608.19,67648.02,438
2024-01-15 02:00:00,67648.02,67685.75,67497.07,67572.81,861
2024-01-15 02:15:00,67572.81,67657.25,67524.18,67621.69,911
2024-01-15 02:30:00,67621.69,67677.31,67489.89,67520.77,432
2024-01-15 02:45:00,67520.77,67607.22,67513.12,67572.71,755
2024-01-15 03:00:00,67572.71,67631.83,67505.64,67588.07,160
2024-01-15 03:15:00,67588.07,67610.50,67463.25,67525.77,915
2024-01-15 03:30:00,67525.77,67559.73,67418.00,67432.17,928
2024-01-15 03:45:00,67432.17,67515.70,67417.94,67440.45,965
2024-01-15 04:00:00,67440.45,67488.39,67418.61,67451.96,906
2024-01-15 04:15:00,67451.96,67542.27,67395.19,67502.63,527
2024-01-15 04:30:00,67502.63,67573.43,67481.13,67562.91,471
2024-01-15 04:45:00,67562.91,67647.54,67487.63,67580.39,303
2024-01-15 05:00:00,67580.39,67634.16,67573.50,67628.20,293
2024-01-15 05:15:00,67628.20,67691.70,67613.85,67690.99,315
2024-01-15 05:30:00,67690.99,67725.30,67553.57,67622.06,264
2024-01-15 05:45:00,67622.06,67651.64,67563.53,67586.16,498
2024-01-15 06:00:00,67586.16,67704.72,67558.49,67643.48,832
2024-01-15 06:15:00,67643.48,67680.90,67518.83,67562.54,861
2024-01-15 06:30:00,67562.54,67562.64,67490.02,67492.11,904
2024-01-15 06:45:00,67492.11,67599.64,67428.40,67535.19,194
2024-01-15 07:00:00,67535.19,67624.71,67477.95,67570.02,790
2024-01-15 07:15:00,67570.02,67666.61,67531.06,67633.06,513
2024-01-15 07:30:00,67633.06,67652.65,67574.40,67600.49,720
2024-01-15 07:45:00,67600.49,67672.06,67554.43,67664.55,767
2024-01-15 08:00:00,67664.55,67673.48,67506.47,67558.83,338
2024-01-15 08:15:00,67558.83,67597.49,67418.04,67482.10,1153
2024-01-15 08:30:00,67482.10,67586.36,67474.39,67534.79,392
2024-01-15 08:45:00,67534.79,67616.42,67473.89,67613.85,1010
2024-01-15 09:00:00,67613.85,67718.51,67610.01,67649.96,377
2024-01-15 09:15:00,67649.96,67689.13,67540.54,67576.82,1104
2024-01-15 09:30:00,67576.82,67632.18,67438.83,67474.63,320
2024-01-15 09:45:00,67474.63,67476.54,67347.76,67401.68,361
2024-01-15 10:00:00,67401.68,67439.13,67304.08,67350.98,749
2024-01-15 10:15:00,67350.98,67389.54,67195.99,67255.21,471
2024-01-15 10:30:00,67255.21,67355.00,67208.83,67318.58,733
2024-01-15 10:45:00,67318.58,67405.39,67309.51,67353.44,235
2024-01-15 11:00:00,67353.44,67370.29,67237.54,67272.22,384
2024-01-15 11:15:00,67272.22,67328.64,67179.05,67249.53,644
2024-01-15 11:30:00,67249.53,67290.37,67165.29,67208.24,565
2024-01-15 11:45:00,67208.24,67224.43,67103.79,67179.49,746
2024-01-15 12:00:00,67179.49,67185.77,67077.64,67090.12,1078
2024-01-15 12:15:00,67090.12,67117.41,67020.62,67020.70,754
2024-01-15 12:30:00,67020.70,67058.80,66952.60,66959.92,512
2024-01-15 12:45:00,66959.92,66994.35,66783.46,66858.97,1083
2024-01-15 13:00:00,66858.97,66872.92,66787.26,66849.11,1001
2024-01-15 13:15:00,66849.11,66892.30,66828.00,66864.61,625
2024-01-15 13:30:00,66864.61,66945.18,66798.43,66944.09,1134
2024-01-15 13:45:00,66944.09,66959.95,66864.32,66930.66,842
2024-01-15 14:00:00,66930.66,67010.30,66914.34,67006.76,977
2024-01-15 14:15:00,67006.76,67071.71,67004.99,67032.70,972
2024-01-15 14:30:00,67032.70,67044.25,66960.74,67032.25,774
2024-01-15 14:45:00,67032.25,67096.73,66899.90,66958.87,588
2024-01-15 15:00:00,66958.87,67047.09,66948.61,67027.11,822
2024-01-15 15:15:00,67027.11,67116.44,66979.11,67069.05,711
2024-01-15 15:30:00,67069.05,67151.16,67035.44,67108.42,934
2024-01-15 15:45:00,67108.42,67182.97,67097.64,67136.61,388
2024-01-15 16:00:00,67136.61,67201.18,67067.20,67125.49,673
2024-01-15 16:15:00,67125.49,67172.69,67062.98,67076.38,518
2024-01-15 16:30:00,67076.38,67139.95,66995.99,67055.28,757
2024-01-15 16:45:00,67055.28,67089.11,67016.37,67032.72,971
2024-01-15 17:00:00,67032.72,67151.24,66990.59,67098.60,294
2024-01-15 17:15:00,67098.60,67208.04,67072.49,67178.95,466
2024-01-15 17:30:00,67178.95,67243.82,67155.76,67171.44,680
2024-01-15 17:45:00,67171.44,67209.04,67049.80,67077.74,833
2024-01-15 18:00:00,67077.74,67134.88,67026.97,67110.68,473
2024-01-15 18:15:00,67110.68,67138.22,67041.50,67069.88,342
2024-01-15 18:30:00,67069.88,67138.30,67051.85,67060.94,751
2024-01-15 18:45:00,67060.94,67107.73,66922.67,66994.25,864
2024-01-15 19:00:00,66994.25,67106.44,66956.96,67059.58,376
2024-01-15 19:15:00,67059.58,67152.31,67052.54,67107.85,698
2024-01-15 19:30:00,67107.85,67108.90,66968.96,67034.53,365
2024-01-15 19:45:00,67034.53,67038.74,66959.67,67026.52,658
2024-01-15 20:00:00,67026.52,67097.52,66974.76,67038.71,413
2024-01-15 20:15:00,67038.71,67105.53,67011.58,67043.94,545
2024-01-15 20:30:00,67043.94,67156.89,66989.10,67108.82,1116
2024-01-15 20:45:00,67108.82,67169.65,67078.10,67117.09,495
2024-01-15 21:00:00,67117.09,67182.58,67003.18,67031.05,1120
2024-01-15 21:15:00,67031.05,67066.30,66949.89,67002.98,361
2024-01-15 21:30:00,67002.98,67058.49,66983.64,67002.95,277
2024-01-15 21:45:00,67002.95,67026.87,66924.89,66946.49,706
2024-01-15 22:00:00,66946.49,66982.02,66845.47,66888.28,550
2024-01-15 22:15:00,66888.28,66944.94,66761.51,66804.79,1041
2024-01-15 22:30:00,66804.79,66845.41,66703.90,66721.57,577
2024-01-15 22:45:00,66721.57,66808.79,66661.10,66779.26,1020
2024-01-15 23:00:00,66779.26,66835.32,66718.95,66796.28,924
2024-01-15 23:15:00,66796.28,66797.32,66754.46,66781.55,302
2024-01-15 23:30:00,66781.55,66841.56,66676.91,66702.69,335
2024-01-15 23:45:00,66702.69,66770.47,66640.01,66677.58,395
2024-01-16 00:00:00,66677.58,66803.46,66670.51,66739.52,263
2024-01-16 00:15:00,66739.52,66868.21,66726.52,66801.39,266
2024-01-16 00:30:00,66801.39,66875.62,66772.05,66863.71,1009
2024-01-16 00:45:00,66863.71,66966.37,66807.54,66928.94,805
2024-01-16 01:00:00,66928.94,66985.03,66905.18,66946.57,147
2024-01-16 01:15:00,66946.57,66954.19,66908.59,66913.47,489
2024-01-16 01:30:00,66913.47,66967.70,66897.80,66907.42,515
2024-01-16 01:45:00,66907.42,66909.05,66796.28,66841.57,373
2024-01-16 02:00:00,66841.57,66944.40,66800.97,66900.97,776
2024-01-16 02:15:00,66900.97,66934.93,66858.08,66897.15,710
2024-01-16 02:30:00,66897.15,66956.03,66766.21,66809.15,528
2024-01-16 02:45:00,66809.15,66824.70,66779.70,66788.74,169
2024-01-16 03:00:00,66788.74,66816.06,66746.95,66752.64,1074
2024-01-16 03:15:00,66752.64,66847.33,66720.97,66810.81,1115
2024-01-16 03:30:00,66810.81,66883.59,66810.02,66864.22,415
2024-01-16 03:45:00,66864.22,66925.79,66821.50,66895.25,590
2024-01-16 04:00:00,66895.25,66920.76,66840.18,66843.81,259
2024-01-16 04:15:00,66843.81,66905.09,66811.62,66811.82,1046
2024-01-16 04:30:00,66811.82,66892.38,66787.75,66856.66,485
2024-01-16 04:45:00,66856.66,66902.39,66838.86,66890.17,442
2024-01-16 05:00:00,66890.17,66944.96,66836.94,66873.65,172
2024-01-16 05:15:00,66873.65,66986.69,66844.55,66930.36,577
2024-01-16 05:30:00,66930.36,66954.05,66850.10,66863.51,1008
2024-01-16 05:45:00,66863.51,66941.21,66815.57,66913.04,1072
2024-01-16 06:00:00,66913.04,66949.37,66866.87,66919.17,669
2024-01-16 06:15:00,66919.17,66991.95,66901.64,66974.34,457
2024-01-16 06:30:00,66974.34,67013.30,66946.62,66982.77,410
2024-01-16 06:45:00,66982.77,67042.54,66938.15,66974.55,897
2024-01-16 07:00:00,66974.55,67087.37,66923.30,67028.04,1024
2024-01-16 07:15:00,67028.04,67048.36,66945.27,66980.25,472
2024-01-16 07:30:00,66980.25,66990.42,66864.39,66905.83,992
2024-01-16 07:45:00,66905.83,66946.07,66819.22,66865.19,572
2024-01-16 08:00:00,66865.19,66921.34,66769.59,66791.74,1132
2024-01-16 08:15:00,66791.74,66803.90,66758.15,66777.71,498
2024-01-16 08:30:00,66777.71,66819.67,66749.72,66766.94,895
2024-01-16 08:45:00,66766.94,66837.73,66740.15,66783.43,613
2024-01-16 09:00:00,66783.43,66841.62,66692.86,66742.71,938
2024-01-16 09:15:00,66742.71,66752.11,66662.52,66680.84,1100
2024-01-16 09:30:00,66680.84,66719.22,66568.15,66605.71,813
2024-01-16 09:45:00,66605.71,66652.81,66551.87,66571.69,246
2024-01-16 10:00:00,66571.69,66607.27,66482.42,66516.64,360
2024-01-16 10:15:00,66516.64,66583.69,66486.66,66547.88,812
2024-01-16 10:30:00,66547.88,66553.18,66476.43,66525.25,295
2024-01-16 10:45:00,66525.25,66593.86,66513.76,66575.54,409
2024-01-16 11:00:00,66575.54,66628.17,66514.60,66539.93,1082
2024-01-16 11:15:00,66539.93,66552.40,66538.55,66547.54,835
2024-01-16 11:30:00,66547.54,66573.62,66539.47,66556.49,664
2024-01-16 11:45:00,66556.49,66587.06,66552.10,66562.33,686
2024-01-16 12:00:00,66562.33,66579.41,66479.01,66506.54,323
2024-01-16 12:15:00,66506.54,66567.97,66454.77,66550.77,579
2024-01-16 12:30:00,66550.77,66579.85,66538.77,66567.03,170
2024-01-16 12:45:00,66567.03,66622.55,66543.33,66610.96,759
2024-01-16 13:00:00,66610.96,66650.42,66546.44,66552.36,770
2024-01-16 13:15:00,66552.36,66589.30,66546.84,66587.13,1033
2024-01-16 13:30:00,66587.13,66658.39,66567.94,66635.04,337
2024-01-16 13:45:00,66635.04,66677.61,66596.73,66675.62,893
2024-01-16 14:00:00,66675.62,66708.92,66631.36,66703.52,203
2024-01-16 14:15:00,66703.52,66750.70,66673.41,66683.22,172
2024-01-16 14:30:00,66683.22,66708.37,66630.71,66665.45,923
2024-01-16 14:45:00,66665.45,66669.28,66595.04,66614.39,937
2024-01-16 15:00:00,66614.39,66620.22,66600.03,66608.95,959
2024-01-16 15:15:00,66608.95,66621.29,66566.10,66597.63,973
2024-01-16 15:30:00,66597.63,66635.02,66555.42,66591.68,659
2024-01-16 15:45:00,66591.68,66595.72,66537.59,66566.24,415
2024-01-16 16:00:00,66566.24,66639.55,66524.13,66601.62,637
2024-01-16 16:15:00,66601.62,66646.33,66572.24,66606.41,274
2024-01-16 16:30:00,66606.41,66665.04,66566.26,66626.65,717
2024-01-16 16:45:00,66626.65,66683.23,66615.87,66677.43,972
2024-01-16 17:00:00,66677.43,66736.34,66662.68,66720.25,247
2024-01-16 17:15:00,66720.25,66748.92,66681.53,66738.26,853
2024-01-16 17:30:00,66738.26,66754.37,66702.49,66732.29,311
2024-01-16 17:45:00,66732.29,66741.95,66693.70,66727.02,564
2024-01-16 18:00:00,66727.02,66739.65,66687.13,66732.67,251
2024-01-16 18:15:00,66732.67,66772.41,66687.18,66769.50,433
2024-01-16 18:30:00,66769.50,66802.41,66745.00,66796.50,619
2024-01-16 18:45:00,66796.50,66851.63,66768.91,66832.16,701
2024-01-16 19:00:00,66832.16,66905.46,66817.57,66883.11,718
2024-01-16 19:15:00,66883.11,66939.19,66854.47,66917.08,738
2024-01-16 19:30:00,66917.08,66967.44,66875.70,66930.56,813
2024-01-16 19:45:00,66930.56,66996.25,66910.86,66955.53,550
2024-01-16 20:00:00,66955.53,67005.83,66900.82,66908.92,463
2024-01-16 20:15:00,66908.92,66933.08,66904.07,66923.19,235
2024-01-16 20:30:00,66923.19,66994.50,66907.44,66953.14,340
2024-01-16 20:45:00,66953.14,66965.74,66903.41,66913.30,292
2024-01-16 21:00:00,66913.30,67008.28,66878.07,66959.22,783
2024-01-16 21:15:00,66959.22,66994.02,66934.67,66942.70,698
2024-01-16 21:30:00,66942.70,66985.42,66904.40,66943.91,364
2024-01-16 21:45:00,66943.91,67036.76,66901.27,67010.31,725
2024-01-16 22:00:00,67010.31,67105.31,66987.43,67055.66,735
2024-01-16 22:15:00,67055.66,67138.51,67038.64,67085.47,668
2024-01-16 22:30:00,67085.47,67088.38,66980.48,67027.33,815
2024-01-16 22:45:00,67027.33,67080.79,66932.82,66979.70,450
2024-01-16 23:00:00,66979.70,67021.22,66968.18,67009.40,696
2024-01-16 23:15:00,67009.40,67061.36,66955.55,66995.36,395
2024-01-16 23:30:00,66995.36,67008.54,66961.78,67006.27,544
2024-01-16 23:45:00,67006.27,67057.51,67002.11,67006.22,520
2024-01-17 00:00:00,67006.22,67047.64,66979.66,67047.19,394
2024-01-17 00:15:00,67047.19,67101.40,66972.41,67013.47,611
2024-01-17 00:30:00,67013.47,67043.53,66996.99,67017.52,891
2024-01-17 00:45:00,67017.52,67078.99,66986.65,67053.37,886
2024-01-17 01:00:00,67053.37,67091.77,67026.16,67072.97,582
2024-01-17 01:15:00,67072.97,67089.49,67035.20,67080.88,339
2024-01-17 01:30:00,67080.88,67179.26,67041.60,67154.70,968
2024-01-17 01:45:00,67154.70,67217.84,67104.19,67172.99,410
2024-01-17 02:00:00,67172.99,67223.07,67100.35,67124.84,944
2024-01-17 02:15:00,67124.84,67140.14,67037.28,67091.26,920
2024-01-17 02:30:00,67091.26,67171.73,67068.70,67136.95,1119
2024-01-17 02:45:00,67136.95,67177.02,67080.11,67117.12,327
2024-01-17 03:00:00,67117.12,67139.20,67086.03,67099.94,310
2024-01-17 03:15:00,67099.94,67184.73,67053.18,67134.90,361
2024-01-17 03:30:00,67134.90,67234.67,67120.01,67210.20,1100
2024-01-17 03:45:00,67210.20,67248.46,67153.53,67227.83,921
2024-01-17 04:00:00,67227.83,67244.40,67154.17,67178.68,238
2024-01-17 04:15:00,67178.68,67257.55,67149.56,67227.05,822
2024-01-17 04:30:00,67227.05,67321.32,67184.97,67266.64,241
2024-01-17 04:45:00,67266.64,67325.80,67192.04,67243.87,569
2024-01-17 05:00:00,67243.87,67255.75,67184.54,67244.89,591
2024-01-17 05:15:00,67244.89,67314.31,67209.55,67287.75,883
2024-01-17 05:30:00,67287.75,67339.91,67285.27,67308.64,712
2024-01-17 05:45:00,67308.64,67389.72,67296.73,67366.00,761
2024-01-17 06:00:00,67366.00,67390.52,67296.47,67309.31,261
2024-01-17 06:15:00,67309.31,67401.46,67291.88,67387.23,1117
2024-01-17 06:30:00,67387.23,67443.75,67324.74,67434.18,569
2024-01-17 06:45:00,67434.18,67437.96,67347.55,67389.65,557
2024-01-17 07:00:00,67389.65,67445.33,67377.18,67428.28,340
2024-01-17 07:15:00,67428.28,67448.02,67380.73,67437.98,326
2024-01-17 07:30:00,67437.98,67492.84,67411.18,67476.17,516
2024-01-17 07:45:00,67476.17,67482.27,67446.76,67467.41,480
2024-01-17 08:00:00,67467.41,67532.30,67444.18,67477.05,540
2024-01-17 08:15:00,67477.05,67542.87,67440.12,67520.97,300
2024-01-17 08:30:00,67520.97,67591.59,67473.09,67570.53,769
2024-01-17 08:45:00,67570.53,67635.36,67533.74,67553.90,918
2024-01-17 09:00:00,67553.90,67568.12,67488.13,67561.73,240
2024-01-17 09:15:00,67561.73,67656.96,67540.84,67606.19,1037
2024-01-17 09:30:00,67606.19,67626.61,67546.58,67555.57,654
2024-01-17 09:45:00,67555.57,67558.54,67498.42,67554.54,474
2024-01-17 10:00:00,67554.54,67623.03,67521.93,67597.14,662
2024-01-17 10:15:00,67597.14,67730.81,67552.33,67668.25,943
2024-01-17 10:30:00,67668.25,67711.83,67624.97,67657.70,379
2024-01-17 10:45:00,67657.70,67677.40,67618.08,67667.19,290
2024-01-17 11:00:00,67667.19,67678.18,67611.01,67641.49,285
2024-01-17 11:15:00,67641.49,67654.59,67585.17,67624.61,182
2024-01-17 11:30:00,67624.61,67692.40,67551.34,67578.70,1012
2024-01-17 11:45:00,67578.70,67648.87,67509.73,67616.84,928
2024-01-17 12:00:00,67616.84,67644.51,67496.45,67554.20,466
2024-01-17 12:15:00,67554.20,67571.50,67466.18,67515.26,652
2024-01-17 12:30:00,67515.26,67626.03,67467.68,67594.75,301
2024-01-17 12:45:00,67594.75,67605.01,67509.51,67557.15,869
2024-01-17 13:00:00,67557.15,67567.38,67456.27,67481.39,1072
2024-01-17 13:15:00,67481.39,67515.97,67390.98,67406.80,733
2024-01-17 13:30:00,67406.80,67422.78,67352.68,67399.67,843
2024-01-17 13:45:00,67399.67,67412.89,67383.82,67389.33,803
2024-01-17 14:00:00,67389.33,67418.25,67304.45,67339.17,709
2024-01-17 14:15:00,67339.17,67451.22,67283.04,67398.18,326
2024-01-17 14:30:00,67398.18,67417.56,67333.42,67401.25,591
2024-01-17 14:45:00,67401.25,67419.80,67347.42,67412.26,532
